"month","year","air_temp_min","air_pressure_min","shortwave_min","windspeed_min","air_temp_mean","air_pressure_mean","shortwave_mean","windspeed_mean","air_temp_max","air_pressure_max","shortwave_max","windspeed_max","rain_sum"
1,1980,12.2806,95276.3,94.1693,0.861527474274616,16.9757387096774,97589.0258064516,263.75794516129,2.65788247296427,20.6597,98780.3,352.19,5.62694956986465,202.9907241
1,1981,15.1618,97277,100.271,0.391961101666989,18.2638580645161,97982.8838709677,276.816161290323,1.90529729682543,20.3194,98583,386.512,5.91826724797892,188.76685188
1,1982,13.3153,96646.7,211.497,0.973880402629091,17.1562677419355,97583.564516129,296.304258064516,2.7470242562933,19.3685,98523,364.553,5.03334483878266,83.404154
1,1983,11.9498,95732.9,180.807,0.539366653581068,15.5544806451613,97343.1193548387,289.525322580645,3.54139127623013,21.67,98434.5,374.764,5.67606998950339,77.12460995
1,1984,11.6653,96696.8,180.227,0.454547402132055,15.8501225806452,97530.6096774194,290.047225806452,2.33035969073974,18.8638,98202.6,346.307,4.1508571838236,167.6699963
1,1985,15.7589,96730.7,184.261,0.397918943426925,17.7745741935484,97428.8096774194,281.971,2.43270139637029,19.8574,98358.7,369.585,4.16549963359067,202.75281129
1,1986,13.3787,95689.3,111.81,0.393872183754121,17.9848838709677,97896.9064516129,258.944806451613,2.35683760057127,20.9612,98926.4,368.54,5.14822002408172,507.8292869
1,1987,13.8421,95753.1,183.127,0.209396314936534,17.7802935483871,97598.535483871,292.599903225806,2.78547970961905,20.7032,98500.2,368.593,5.1529008917405,141.21447908
1,1988,13.4606,96837.1,218.657,0.22743782419158,17.5482193548387,97943.4290322581,313.655096774194,2.6721835938083,21.3575,99060.2,379.461,5.46373519706986,44.1712564
1,1989,13.8983,96812,77.2713,0.507491306543275,17.291964516129,97699.5,246.987493548387,2.90012194551707,19.4605,98661.1,358.353,6.00411681568572,377.09316938
1,1990,13.3924,96881.5,130.635,0.806343179846089,17.3760451612903,97759.3225806452,260.791193548387,2.50631538935321,19.8787,98775.9,356.806,5.65260692942646,151.91650254
1,1991,13.5967,96743.6,129.732,0.515614885318258,17.3555258064516,97664.8806451613,269.322935483871,3.12363575408516,20.3635,98843.6,385.629,5.65786958973959,168.85641885
1,1992,11.8189,96108.2,106.059,0.665268230301884,16.6200935483871,97753.6129032258,261.086258064516,2.29415624045545,19.504,98777.1,356.059,4.81071258249752,136.0679156
1,1993,13.4177,96747.6,250.17,0.559089311652655,16.493135483871,97506.1451612903,309.179032258065,3.16039161146804,19.88,98377,374.051,5.06441919475471,56.64516512
1,1994,11.939,96935.2,128.074,0.586234047736056,17.5071387096774,97814.7709677419,282.445322580645,2.41778877911435,20.8441,98505.8,353.929,5.3566255068093,98.0633849
1,1995,13.2657,96963,128.495,0.795826494043143,16.6382806451613,98360.4870967742,273.684677419355,2.12265267025007,18.0467,99044.5,390.832,3.91207800499939,126.5911608
1,1996,14.3705,96556.1,169.781,0.657949077121596,17.3090612903226,97876.6193548387,269.028129032258,2.34689142446626,19.3555,98998.4,319.102,5.54510740773342,183.22829
1,1997,11.0206,96680.6,141.75,0.515119217720519,15.3929903225806,97969.2290322581,286.022580645161,2.79740816853688,18.692,99124.2,359.736,6.97671942704449,111.907481406
1,1998,13.3057,96907.8,139.15,0.794883181669741,17.8818096774194,98068.0709677419,293.253677419355,2.93733433753237,21.5175,98875.8,389.111,5.41264545331578,40.50714607
1,1999,16.4651,96684.2,103.539,0.233718589320576,18.6278193548387,97688.9903225806,277.132258064516,2.24279585840853,21.1578,98614.6,382.799,5.16112963670745,142.34177449
1,2000,13.0436,96448.9,158.782,0.392377948865835,16.1251064516129,97506.2387096774,263.177774193548,2.23357951665951,19.1532,98557.2,344.17,4.72978229226716,132.7183352
1,2001,13.9476,96544.8,164.443,1.075428622041,16.4616677419355,97636.4612903226,285.990290322581,2.76762217167516,20.1408,98741.5,370.466,5.1699897426522,105.3891687
1,2002,13.0403,95948.7,180.216,0.661696982524667,16.8539129032258,97460.1548387097,286.010741935484,1.95681722819803,18.7952,98671.5,382.399,5.1045747390148,192.401886
1,2003,11.9004,96713.9,126.999,0.866883334649479,16.3972451612903,97738.6193548387,288.866322580645,2.83059642539632,18.432,98484.5,370.009,5.56716430090005,173.57830185
1,2004,11.303,96933,166.65,0.668203130289735,18.2574258064516,97814.2774193548,286.052612903226,1.84571504881113,21.3461,98573.9,377.411,3.49710621681698,200.10298305
1,2005,13.6009,96748.4,101.334,0.634720896990953,16.7671129032258,97914.8580645161,291.131129032258,2.23993252490803,19.9529,98870.1,377.032,4.16767092617687,63.62201314
1,2006,13.3212,96335.4,167.167,0.638380687140518,17.5178387096774,97711.3096774194,269.341193548387,2.7062555648741,20.3426,98698.8,381.29,6.46764501648011,303.043384
1,2007,11.2667,96833.1,106.077,0.49935108778694,17.0000322580645,97764.6096774194,262.078935483871,2.49969564370039,19.8218,98738.7,384.302,4.46197494297088,188.09209045
1,2008,16.0311,96969.5,134.097,0.413202621300979,18.3170516129032,98003.4064516129,292.605548387097,2.20649441285186,20.8036,98767.9,372.832,5.29614595241672,83.35755096
1,2009,15.4299,96794.9,223.823,0.208391660065848,18.3723387096774,97759.6516129032,310.686516129032,2.1670136380416,21.7968,98799.9,377.309,4.66758824647603,34.73177172
1,2010,13.743,96230.1,139.938,0.342140415263967,16.8160935483871,97452.1387096774,269.606838709677,2.45888250370231,19.0408,98319,385.859,4.67677795154955,350.2100453
1,2011,15.4981,96062,77.2714,0.329215119595076,17.8953806451613,97667.2225806452,278.026964516129,2.61007132435675,20.5505,98380.2,382.427,6.30615638601676,608.9263699
1,2012,12.7219,96428,158.528,1.0425329113582,16.3846838709677,97571.4451612903,260.251,2.74704324233116,18.7348,99062,344.32,5.17905557264063,199.2425794
1,2013,13.8666,96267.3,217.377,0.852253031584517,17.5891,97777.2,311.430548387097,2.72725010970968,20.6209,99377.2,374.29,5.48077650689207,41.11804189
1,2014,13.5022,96477.4,173.73,0.594002806794715,16.4736709677419,97462.1,300.677193548387,2.87269815950698,19.3357,98255.8,381.611,5.48310204651527,148.38445205
1,2015,16.8059,96889.3,181.542,0.682293415141902,18.8937258064516,97844.064516129,303.244483870968,1.77827522777985,20.8538,98578.6,384.94,3.42537021714442,49.26465165
1,2016,13.1666,96798.8,91.3382,0.41011693008191,18.1026161290323,97852.6516129032,260.871458064516,2.25123687778683,20.5947,98619.8,367.951,4.77028871693318,277.10531428
1,2017,14.3368,96145.2,156.972,0.751852454039355,17.1159,97371.2935483871,311.785225806452,3.28690820191136,19.7775,98297.3,385.1,5.82395933876603,91.5044437300001
1,2018,15.7378,95812.8,129.789,0.193543845295814,19.0225516129032,97829.5032258064,243.743419354839,2.3742297547992,21.6633,98367,329.306,6.92397037308797,453.060966
1,2019,14.6509,96873.3,177.105,0.427171109062879,19.3937741935484,97700.5709677419,302.299419354839,2.54679372805647,23.13,98628.5,385.161,5.07702494101615,54.29855045
1,2020,14.0002,96770.7,170.11,0.614217005171625,18.2278935483871,97854.1612903226,320.134451612903,2.48078000867936,22.3878,98329.1,380.992,5.85924180828885,38.10110704
1,2021,13.3595,96624.2,157.3,0.14402488588435,17.8056258064516,97682.0806451613,293.873903225806,2.08445394597801,21.6062,98549.1,367.876,4.48918733870619,85.75518778
1,2022,16.1329,96991.2,184.356,0.514717931719889,19.2283290322581,98026.9806451613,326.836935483871,2.01004876786753,22.3677,99143.5,388.585,3.94052940424253,48.99564575
2,1980,14.4763,96772.1,111.422,0.272846244249394,17.2689275862069,97656.3655172414,236.325620689655,2.63484436870866,20.7552,98849.5,336.598,5.06365151238274,120.3131928
2,1981,15.1271,96927.6,96.9524,0.431716763598543,17.4778035714286,97934.175,230.511585714286,2.17746297758865,19.8388,98911.5,340.829,5.11689465128998,113.36138156
2,1982,13.1487,96916,69.4599,0.299963441584537,17.8131607142857,97864.7142857143,243.978375,2.60457302899862,20.1748,98807,346.128,5.25229200723836,329.62952014
2,1983,14.0495,96410.4,132.772,0.719136086577499,16.232025,97847.1821428571,247.955892857143,2.55829538578777,19.5369,98958.8,332.77,5.31149483013963,87.47541555
2,1984,12.6922,96081.7,147.42,0.414505553383788,16.1057137931034,97793.5862068966,238.607068965517,2.16195900575745,20.1347,98916.1,328.019,4.42000330191008,233.51145859
2,1985,15.0041,96566.7,57.0056,0.667610499325018,16.732575,97930.3071428571,248.046842857143,2.47686113657923,19.3909,98814.7,308.159,5.55505911573405,246.85388869
2,1986,15.8444,96850,104.621,0.599865424983813,17.703775,97386.9321428571,241.203214285714,2.22428091069752,20.1509,97754.7,328.59,5.73141867747419,213.3195824
2,1987,13.2556,96328.8,187.587,0.633217742277104,16.67055,97559.8321428571,275.940892857143,2.38135315213859,19.8155,98538.7,350.662,4.43200537240198,49.94872609
2,1988,12.6287,95939.7,89.4297,0.90086589780333,17.2056103448276,97193.2103448276,211.115962068966,3.20178410964228,19.6669,98073.7,308.771,5.18001139901796,286.50327242
2,1989,13.9287,96182.5,174.461,0.570227729295937,16.3448428571429,97569.5714285714,253.649428571429,2.57308908782973,18.8556,98489.2,322.227,5.20170534356763,150.84319353
2,1990,15.1197,96923.9,149.676,0.635759573993975,19.0465142857143,98178.2964285714,254.280178571429,1.8941566630667,22.8045,98933.2,338.084,5.09464598279409,49.51653112
2,1991,12.9881,96455.9,137.094,0.779759671207097,17.4573607142857,97530.3285714286,254.631357142857,2.2996492188003,20.6492,98110.1,336.82,4.54957402802999,273.84847418
2,1992,11.9166,96701.9,123.086,0.424099941105973,16.5981896551724,97698.9827586207,236.988517241379,2.53716890779148,19.2199,98605.6,315.186,5.08099747825572,99.6073626
2,1993,12.1627,96678.4,117.751,0.134002774066957,16.082225,97641.875,240.432,2.47615169678426,18.4469,98585.7,335.104,4.49894592431838,150.2406563
2,1994,15.6323,96690.8,164.315,0.452718038008207,17.3282678571429,98089.0714285714,235.94175,1.91262036385811,18.7852,99072.3,325.344,3.42157687023103,123.58456829
2,1995,15.8224,96144.4,120.252,0.386877996666908,17.3045821428571,97736.3035714286,235.090464285714,2.22423354508994,18.8202,98793.9,321.388,4.82413619049628,245.2891236
2,1996,13.3833,97045.5,125.539,0.0818066362356991,17.5729310344828,97737.4931034483,241.804827586207,2.27379620859374,20.9655,98403,339.604,4.9998577855075,179.04423571
2,1997,15.009,96264.6,82.7349,0.180522952172321,17.2673892857143,97462.4857142857,250.937496428571,2.09833376797782,20.6038,98748.9,331.361,4.09603012001865,162.59533794
2,1998,13.1732,96311.9,160.053,0.408194834460212,19.6012321428571,98399.5142857143,242.63325,2.22723700380323,22.4596,99334.8,325.179,4.71461190025224,155.8902067
2,1999,14.2246,97281.1,107.835,0.751845810171873,17.2065607142857,98403.1357142857,281.5135,2.20890171411364,19.5027,99104.6,357.694,4.62986641086976,30.44042747
2,2000,14.067,97204.9,146.798,0.407576993303363,17.4120965517241,98090.2206896552,260.415172413793,2.0561220548515,20.0768,98795.6,347.842,3.72046109692065,75.4950724
2,2001,15.1372,96609.4,87.9926,0.453053459358827,17.9777035714286,97808.0642857143,220.431953571429,2.00512939155482,20.0593,98394.3,341.591,4.22806817509179,479.848187
2,2002,13.9037,96243.3,103.846,0.48755152408848,16.1671214285714,97711.6464285714,237.983964285714,2.67396034973633,18.9616,98554.7,331.729,4.95926403328347,103.1766795
2,2003,13.3244,97141.1,104.122,0.534279826144503,17.1185178571429,97972.4928571429,242.999928571429,2.28612501593529,19.1043,98895.9,354.361,5.38986675183163,135.94770902
2,2004,13.2399,95152.1,61.316,1.132687408114,16.1766724137931,97108.8137931034,209.827293103448,3.43316010923897,19.5075,98511.6,288.797,5.92550936375937,431.49104549
2,2005,15.6342,96541.4,132.198,0.121788567422234,18.2039,97721.8392857143,243.422714285714,2.13841782200004,20.7139,98747.1,319.953,3.98066224726489,108.45492255
2,2006,14.1151,96704.2,213.921,0.672609216904586,17.38765,97744.3642857143,256.015678571429,2.13828705447445,20.1049,98407.2,312.97,4.17550917533419,222.12283802
2,2007,15.0922,97532.6,131.351,0.551419515297754,17.1981678571429,98171.2464285714,250.022714285714,1.93054380943869,19.5771,99054.6,317.51,3.39725044035614,66.8456483
2,2008,14.3164,96073.4,137.342,0.529885093611813,17.1704620689655,97662.9379310345,246.093068965517,2.65675601520854,19.0815,98838.8,350.836,6.60980628963512,123.82850602
2,2009,14.6057,96725.3,108.975,0.0573679256466538,18.5598285714286,97728.3928571429,233.394,2.14600133697712,22.763,98414.7,337.37,4.47936332713702,303.99682681
2,2010,16.4449,96721.4,90.5936,0.374359388824429,18.0793392857143,98298.5357142857,226.546914285714,1.7596573140081,20.1808,99127.7,291.579,3.78563405052575,65.114984
2,2011,16.0857,96711,144.456,0.335194862099645,19.0470392857143,97854.0857142857,237.507714285714,1.86662978151055,21.9792,98814.7,345.244,3.86526196913081,57.289558
2,2012,12.759,96730,98.615,0.405123092347252,16.2172482758621,97816.5137931035,217.904310344828,2.01012595683454,18.9077,98306.1,321.131,4.56741116023374,223.7010782
2,2013,12.7313,96879.5,160.385,0.511976857430099,17.5264678571429,98132.1714285714,281.935535714286,1.96974666129315,19.1237,99055.7,336.535,4.50876212200478,63.52545204
2,2014,15.4642,96813.7,166.599,0.429257751893894,17.2357821428571,97666.3392857143,258.07625,2.3325144946246,19.6778,98503.5,352.386,4.39742698508582,103.316924
2,2015,14.645,96577.1,169.307,0.600401493713165,17.30775,98056.6214285714,257.386321428571,2.17787558488373,20.3633,99143.3,344.03,5.66361792960118,60.56519237
2,2016,17.1821,97128,95.2879,0.615642714841977,18.7576275862069,97911.3310344828,218.306651724138,2.33844655319,21.8492,98459.2,296.481,5.77100659220729,305.49299491
2,2017,14.6736,96410.5,121.937,0.253790685257064,18.511275,97935.3785714286,236.117,2.0495813098554,22.1373,99323.1,349.079,4.40573747798255,183.60762753
2,2018,15.3563,96252.5,85.032,0.947231093349453,18.2514392857143,97562.0464285714,207.268842857143,2.38005035712766,20.9473,98374.3,325.891,4.10842188798814,344.108538
2,2019,14.0233,96398.9,137.062,1.03322840984412,18.4827428571429,97777.4821428571,276.502571428571,2.30529889181221,21.8325,98661,344.473,4.16684604670007,60.80048614
2,2020,15.7773,97482.6,156.55,0.376638440589911,19.4741931034483,98091.275862069,264.371655172414,1.89104364839103,22.932,98628.8,352.598,4.59648995377995,49.75562784
2,2021,13.7142,96975.7,107.541,0.14411931671504,17.3593714285714,98205.7464285714,258.558071428571,1.83220452957384,18.809,99346,348.998,5.63400337512323,144.78859366
2,2022,14.4882,96358.7,92.1564,0.118714108890435,18.2311214285714,98128.325,221.245585714286,2.27399939457968,21.6524,98833.3,311.594,5.54444989107356,263.9172568
3,1980,10.1753,95628.8,98.0616,0.38806680440486,14.5314612903226,97403.664516129,187.938987096774,2.94001939829003,16.7846,98401.1,252.328,5.58514404521495,196.6228484
3,1981,11.5205,97275.9,77.2082,0.294329438221884,16.642435483871,98172.2580645161,173.542190322581,2.31035701426935,19.1545,99339.3,237.308,4.61389257357603,196.23155737
3,1982,11.6899,97507.9,103.477,0.156209425203987,14.9032161290323,98310.4096774194,190.733870967742,1.99103002602774,18.2061,98963.9,280.688,4.21707336832074,156.8235716
3,1983,10.8976,97191.2,96.8377,0.319139309449651,16.3673032258065,97985.1580645161,207.223474193548,2.53723210608664,19.8035,98822.7,291.012,4.29612542577611,62.4725225
3,1984,13.1412,96639.7,64.5787,0.7698263946092,15.894135483871,97922.0451612903,163.740309677419,2.5501572728923,17.7831,98844.1,227.324,5.73818860026402,361.95984
3,1985,10.8692,96915.6,86.574,0.710856973319528,15.2846032258065,97865.6387096774,194.692348387097,2.6634996976506,17.5211,98989.7,279.351,5.24232667301457,153.65920212
3,1986,11.2639,97016.8,117.713,0.501613222220069,15.388835483871,97930.6129032258,206.525064516129,2.12104240424758,18.1701,98697.1,268.894,4.61367887999371,158.88568011
3,1987,10.1812,95908.5,98.3391,0.662711408054064,14.2377161290323,97433.4612903226,190.1781,2.45482090522189,16.8829,98409.7,268.793,5.5296494746141,430.07136341
3,1988,11.9448,96415.1,54.5802,0.04942134098555,14.9705129032258,97754.6774193548,180.171519354839,2.63108378624634,17.8598,98614.4,276.018,8.72696352027439,251.60793562
3,1989,11.8289,96321.6,100.14,0.170677808487688,16.3443193548387,98118.6516129032,198.777483870968,2.24578943077186,19.072,99102.1,252.927,4.61332134177753,48.36135346
3,1990,11.0527,97185.4,81.4923,0.61822497835335,17.1699064516129,97960.8096774194,199.119396774194,2.56370078272552,20.5407,98828.8,288.822,4.44623662393591,141.37301685
3,1991,13.0174,97034.3,109.413,0.522218907839423,14.9611677419355,97902.7290322581,200.695548387097,2.21129695994394,16.5548,98524.6,277.444,4.27796418723077,70.64053026
3,1992,10.1386,96521.1,118.977,0.636298077044085,14.1922096774194,97791.7451612903,205.220032258065,2.91421067282769,17.6593,98980.6,278.9,5.31908145500706,89.63175451
3,1993,9.96649,96433.5,66.8395,0.814131297266602,14.2127738709677,97793.0677419355,194.937080645161,2.40791093932123,17.3827,99051.9,269.555,4.72901606469041,189.21927235
3,1994,11.4576,96633.1,82.8815,0.516797836900465,14.4802516129032,97792.3290322581,218.475048387097,2.36133649677262,17.4312,98843.8,291.732,4.71736858080858,102.18004664
3,1995,11.6837,96573.6,39.1771,0.757148059217614,16.1050096774194,97747.5709677419,184.606580645161,2.44839051415775,18.9651,98663.2,291.555,4.531161366449,255.63225104
3,1996,11.8485,95790.2,141.884,0.657977657746067,14.6466161290323,97670.3516129032,206.522290322581,2.76040010098175,17.9547,98763.6,273.351,5.90909508240475,150.5789827
3,1997,11.6301,96631.2,108.477,0.465205458834051,15.1166096774194,97498.9387096774,188.270903225806,2.62891443871897,20.174,98796.7,265.583,7.43937924628124,259.19817784
3,1998,14.0495,96524.9,119.664,0.119812246476364,17.2292096774194,98066.1774193548,187.941258064516,2.39883366320377,18.8017,98823.2,275.184,4.97798974344062,184.90346078
3,1999,15.8032,97356.8,75.2572,0.370686076027951,17.0916258064516,98249.9580645161,184.66755483871,2.27292783913887,18.1788,99082.1,298.488,4.22671656437949,118.06807128
3,2000,10.2836,96819,105.375,0.287470241172989,15.6190419354839,97932.7967741935,194.691935483871,2.19902723971944,19.9057,98802.1,294.398,4.89374435703378,103.04786138
3,2001,11.975,96991.8,104.091,0.189894752547299,14.9454935483871,98420.6064516129,198.669225806452,1.95863291166472,17.54,99169.6,250.924,3.88587803743247,112.81824069
3,2002,12.5179,96436.4,121.334,0.138922111260807,16.0878290322581,97604.6096774194,206.031258064516,2.42093593922302,17.9224,98573.2,261.933,4.39286264771618,71.29278809
3,2003,14.2345,96650.2,83.8463,0.271432375897368,15.883264516129,98062.3516129032,190.117558064516,2.05609328807308,18.6802,99299.3,266.432,5.04901636540227,243.9307474
3,2004,10.9005,96772.1,116.425,0.0508612125415822,14.4481838709677,97738.6032258065,217.539419354839,2.17629945014093,17.0812,98589.6,286.081,4.24144979464569,54.68971524
3,2005,14.2165,96726.2,99.0785,0.162050578589402,16.5124193548387,97762.4838709677,201.010209677419,2.06777468451827,18.424,98603.4,293.221,3.74928312685239,241.80247281
3,2006,11.9095,96536.1,78.9448,0.299070659109181,14.9436129032258,97686.5774193548,182.396587096774,2.70583051200838,17.3321,98850.2,257.217,5.13370012670598,211.52511922
3,2007,12.0312,95961.4,56.2647,0.348047491473506,16.3477903225806,98067.2483870968,184.894629032258,2.65843405234342,18.4272,99144.2,278.254,5.7725627025265,263.8515063
3,2008,15.0893,96780.2,118.256,0.0788129021092359,16.4364903225806,98119.8483870968,200.866774193548,2.11209601623445,18.9343,98814.4,276.567,4.71822506355939,129.44820184
3,2009,11.3988,96998.3,56.2819,0.169276571434561,14.8528193548387,98021.4451612903,201.630190322581,2.56955588431239,18.4928,98902.8,262.587,5.66188016333797,92.0959301
3,2010,11.2231,97064.1,143.92,0.914075363917002,16.0334612903226,97996.2741935484,216.8,2.87786611949757,18.5033,99689.7,294.01,4.34477982020953,32.73863305
3,2011,12.1384,97004.4,101.044,0.749758745645558,15.9304483870968,98044.6612903226,196.011516129032,2.3488466684058,19.2808,99141.6,266.458,4.43349495654388,339.12057201
3,2012,11.8255,96112.2,72.4643,0.92415840354779,14.6116741935484,97927.1451612903,187.681429032258,2.7805345042631,17.5019,98988.4,267.744,7.38879100676153,246.2812194
3,2013,13.4803,96432.6,132.75,0.234061618301677,17.0222838709677,98021.0096774194,213.180806451613,1.72866939076021,20.4102,99204.6,283.973,3.45468991275628,81.39009376
3,2014,12.6312,96739,106.787,0.529841945992387,15.7322612903226,98193.2967741935,219.063967741935,2.12549627779384,17.7108,98948.1,279.202,6.14640867943224,147.87089191
3,2015,12.4707,95417.3,111.98,0.356010316542934,16.1409290322581,97631.2967741935,188.225193548387,1.98971832596687,19.5887,98728.8,266.958,5.08831932679151,137.6504109
3,2016,13.4874,97541.4,85.0329,0.294500885166751,16.8936838709677,98351.7225806452,189.092351612903,2.57073596747894,19.7182,99114.2,262.38,6.94436213978649,263.81388244
3,2017,13.1648,96706.6,84.1794,0.577819869758734,16.8054967741935,97906.6903225806,184.588148387097,2.54201862986363,18.742,98964.9,280.31,4.81439347567271,481.60106429
3,2018,14.7387,96610.9,123.788,0.498158804875473,16.6220193548387,98015.8419354839,194.557967741935,2.29506205838598,20.2471,99070.4,264.916,4.34262775769015,183.69821308
3,2019,14.6538,97963.4,104.058,0.33265326005467,17.4058419354839,98560.2064516129,188.920290322581,1.76306699784857,20.2192,98995.5,292.454,3.73050450744936,118.1320064
3,2020,12.4442,96816.1,116.03,0.502117458924702,15.6479322580645,98014.9129032258,197.878,1.95001431074443,19.5964,98799.7,270.963,4.72596271962962,86.91754204
3,2021,12.598,96346.2,88.5574,0.116755964589609,15.3379806451613,98104.9290322581,197.295419354839,2.02227618919545,17.5103,99496,278.554,4.4547590025163,133.14884109
3,2022,13.9547,96088.8,70.6075,0.507126117713296,16.4567516129032,98046.4161290323,204.595035483871,2.38068481961024,18.4061,99055.7,281.865,4.9257717734077,209.04852237
4,1980,9.57256,96108.8,58.0868,0.383853449704441,12.3067953333333,97868.6466666667,140.416433333333,2.12574514324399,16.0005,99093.5,186.307,5.5060830222582,213.81837977
4,1981,11.1923,96441.2,60.4563,0.398703623642926,14.1161233333333,97788.15,139.491203333333,2.18775123746857,16.2755,99154.5,210.457,6.28468275611426,241.1074642
4,1982,9.73232,95775.7,57.8626,0.988090158961721,11.6341216666667,97819.0966666667,143.588176666667,2.26086260449897,14.6442,98696.1,179.688,7.65478907740768,217.6338427
4,1983,8.49951,96699,58.1713,0.799541680370073,13.406989,98110.21,124.00838,2.49176131098064,15.9243,99268,210.623,4.16303934150279,243.14198876
4,1984,8.44898,96320.1,116.59,0.148840152815025,13.051846,97808.8033333333,156.063633333333,2.2658742903051,16.4437,98765.2,199.894,4.53856858366435,57.06281092
4,1985,8.95014,97096.6,60.5328,0.492700930408092,12.1919526666667,98596.2366666667,142.052216666667,2.70277620700993,16.2703,99643,218.626,5.74143325074846,265.46196202
4,1986,11.1129,96411.6,63.1077,0.123829652184119,13.4907,98126.8666666667,148.724146666667,2.30219058703549,15.6559,99031.6,195.213,4.8328657371481,106.9803341
4,1987,8.02303,96947.2,61.9464,0.266068529076627,12.891896,97994.5233333333,147.81747,2.97858001811791,15.6351,99138.2,207.105,6.27493855340433,128.09054985
4,1988,8.27546,96880.6,74.5827,0.327131182348916,12.4844116666667,98492.3066666667,149.912546666667,2.19034216844542,16.3573,99635.9,216.76,5.05968651152421,54.20251483
4,1989,10.2926,97266.7,33.4905,0.421215049731132,13.90953,98305.5866666667,155.842056666667,2.48065357232882,16.8266,99401.6,219.829,5.67618537951325,190.16851119
4,1990,9.05254,96096.5,51.6932,0.926718809799391,14.4756113333333,97857.1966666667,140.863006666667,2.61092093589439,16.6067,99084.6,209.369,4.71464772936812,172.3133811
4,1991,7.77553,95963,69.5808,0.350212436104145,12.1632133333333,97344.0166666667,134.736033333333,2.77913312632635,16.702,98539.1,196.311,4.87653769604009,250.82822169
4,1992,8.0578,97370.8,65.1911,0.490534317651681,11.0842923333333,98241.3033333333,151.728056666667,2.05129166182267,15.2874,99007.6,210.246,4.3617977968379,139.37579876
4,1993,7.96149,97043.4,60.4578,0.535469517497495,11.612055,97837.7866666667,134.634963333333,2.40760490785126,14.8893,98889,174.39,3.82213225111324,128.3891465
4,1994,7.70462,96744.3,73.5044,0.104373264613693,12.629559,98119.3466666667,141.736043333333,2.06686456419864,16.0976,99302.9,219.178,4.26107062199173,164.0165479
4,1995,9.5861,96786.3,39.2661,0.575212538416445,14.8495433333333,97967.8233333333,116.092906666667,2.35859246938834,17.6257,98922.2,177.047,4.94991004427717,465.825939
4,1996,10.5338,96431.1,34.2449,0.763087638450526,14.1626166666667,97909.3733333333,120.660623333333,2.33258488804372,17.2786,98839.2,164.098,4.54383352416217,230.5003992
4,1997,8.25896,96691.9,88.703,0.531848293595081,12.0288923333333,97770.7166666667,150.9423,2.54958555279589,17.008,99253.3,217.685,4.80448389051769,158.92617094
4,1998,11.2454,97124.8,72.7021,0.542038303569037,14.8007933333333,98235.46,132.511746666667,2.31102642714378,17.33,98901.9,209.599,4.45654371486469,116.09712596
4,1999,7.63365,95976.2,62.2112,0.314228399050754,13.606825,97819.3866666667,135.0523,2.67879919891598,18.7771,98878.8,191.026,5.72456858842655,254.17741007
4,2000,9.68954,96429,76.8312,0.647067920800437,13.66492,98031.6733333333,128.912163333333,2.34201109000897,16.7289,99349,191.569,4.38639583006368,214.26305466
4,2001,9.9633,96456,54.6074,0.334366606742973,13.11103,98416.4466666667,144.30969,2.39554049177475,17.0236,99443.3,209.156,4.53976235405555,355.40203947
4,2002,9.35415,96306.7,39.8167,0.278531464223776,12.8189093333333,98205.5733333333,145.446403333333,2.01100916312057,16.6013,99315,216.697,4.30542078989964,200.1175048
4,2003,8.87793,96719.5,58.5692,0.116806411110435,13.4354966666667,97975.3966666667,145.92216,1.94113166929045,16.7661,99302.6,203.811,3.51804840829415,136.168353237
4,2004,8.79188,97225.8,53.5539,0.350269375833001,12.3567796666667,98262.0966666667,143.738953333333,2.08334314229164,15.4944,99637.7,217.479,4.74093097258334,144.06603568
4,2005,7.64243,96978.8,111.203,0.346307648612632,12.9435373333333,98215.5233333333,157.183166666667,2.26570032490689,16.1426,99106.8,194.189,4.53912126897927,34.00911333
4,2006,11.4799,96084.5,72.9044,0.394504514909133,14.1461433333333,97649.26,131.879626666667,2.49524341748518,17.2319,98977.5,175.257,5.75337023381948,262.7223723
4,2007,9.62216,95692.7,71.6294,0.100133989906974,12.7776453333333,97905.9233333333,142.605066666667,1.79723517189776,15.6859,98961.8,184.61,4.20801770862481,142.4255364
4,2008,9.33432,96671.5,28.5653,0.47013994852968,13.713462,97986.5733333333,135.361996666667,2.66500504311656,16.7974,99026,200.985,4.77166574797523,314.58648013
4,2009,8.31919,96845.9,44.051,0.279711059548957,12.547845,98425.5466666667,152.519876666667,2.24356758354254,15.4043,99491.5,229.491,6.05611176827178,99.27283865
4,2010,10.8212,96907.6,99.9483,0.161168995895489,13.8178433333333,98104.2833333333,156.82671,2.23561665116802,16.134,99035.5,201.487,4.02700386442576,86.8842878300001
4,2011,9.05342,96365.7,52.0978,0.518536412285579,13.0082736666667,97986.4866666667,128.548056666667,2.66882272912156,15.1088,99010.6,183.282,4.89548549103151,365.22314362
4,2012,10.8004,96833.7,71.0806,0.34002290974874,13.5300433333333,98220.67,145.762386666667,2.44934489863196,16.9228,99684.6,187.903,6.09059683146077,130.60275806
4,2013,11.0316,96734.9,58.2888,0.101095511903002,14.42061,97826.9533333333,141.974293333333,2.54104294854932,17.6176,98837.1,206.092,5.69993409065403,259.64667745
4,2014,10.1822,96739.4,45.7432,0.437092808126604,14.61285,97768.6766666667,128.401863333333,2.43551016533108,19.2263,98738.5,185.209,4.56666693442822,253.73643991
4,2015,8.02299,95575.8,63.9343,0.226388527377802,13.592941,98051.61,133.3279,2.39401077860024,17.6881,99091.1,213.719,5.31779042314569,189.79855757
4,2016,12.1543,97593.7,81.4773,0.252074041702036,14.0868466666667,98299.6733333333,139.302716666667,1.75591227076702,17.427,99151.8,195.197,3.21409228820907,86.3485048
4,2017,11.6492,96360.8,52.2125,0.20384587777262,14.3692766666667,97902.8,134.495583333333,2.10358178243436,19.0625,99037.2,194.957,4.1384829429756,523.87405075
4,2018,7.93746,95652.5,47.5113,0.364195621754298,13.7061953333333,97585.64,133.204723333333,2.61079544131509,17.5642,98427.9,215.255,6.12827392090954,282.0745491
4,2019,10.2234,96829.2,71.5233,0.178487639418224,13.0734633333333,98111.0166666667,154.821786666667,2.27828485406393,16.6754,99583,197.332,4.0410840215076,93.59478373
4,2020,10.7463,96704.6,90.6002,0.398015434135095,13.48198,97953.1166666667,152.989306666667,2.08763601064968,16.1424,99575.1,215.778,4.84105054084968,70.47194146
4,2021,9.94791,96850.1,100.227,0.0713091444360988,13.9077336666667,97751.34,149.6479,2.01324684651146,18.3668,98844.2,220.68,4.04271339188174,260.38533344
4,2022,10.7824,97017.8,68.6521,0.605366796611773,13.9767066666667,98363.4733333333,146.46017,2.05429274047492,17.3667,99739.2,211.485,4.73991620214957,106.3710573
5,1980,8.65886,96289,57.0749,0.651654712498882,10.5534783870968,98292.9129032258,104.020848387097,2.43415612435604,13.0706,99379.8,139.73,5.29123329534807,94.07747848
5,1981,6.43164,96068.5,32.0842,0.738876221883612,10.2960867741935,98069.7709677419,103.456103225806,2.41259891210362,14.9199,98746.5,148.016,5.1414468509263,119.83177373
5,1982,6.85164,96094.6,57.5073,0.305008403353235,10.2243835483871,97815.2387096774,105.463116129032,2.77031818435491,13.3573,99316.3,150.406,4.88119274826348,104.40935003
5,1983,6.68136,96709.1,38.9052,1.00202843562097,10.0362570967742,97607.2193548387,97.7451677419355,3.25303149338841,14.8221,98530.2,134.928,5.81883230132129,105.86657747
5,1984,5.29632,96165.9,29.8731,0.452527936507298,9.77597451612903,98045.7129032258,101.266719354839,2.68689403147224,14.5824,99234,137.098,6.97637814004516,104.94865472
5,1985,6.76758,95907.6,49.934,0.31159817389229,10.0476693548387,98224.264516129,101.43135483871,2.35193616097352,13.3019,99509,145.112,5.60452562107624,162.07008654
5,1986,6.56923,96340.9,42.2236,0.370221841777332,10.7603032258065,97884.9548387097,100.80284516129,2.37890035205425,13.8636,99026.3,129.807,4.70656162146858,248.9702359
5,1987,7.50923,96063.7,14.7015,0.499008693593609,10.4254322580645,98398.3838709677,98.2012387096774,2.08671197251661,13.4292,99299.4,157.283,4.29895782445001,160.76977788
5,1988,7.25844,96417.5,28.5338,0.639122059363468,11.359805483871,97678.0741935484,92.4831129032258,2.84111854051286,16.324,99179.2,163.072,5.19987254252448,203.31919382
5,1989,4.38431,95904.6,35.9074,0.257940934751272,10.8493203225806,97694.0935483871,94.9385193548387,2.43274190864214,16.2031,98649.3,132.829,4.59652398611168,232.703464
5,1990,7.86423,95996.8,54.9984,0.848387552122849,11.0127125806452,97589.7580645161,109.303835483871,3.11532214916738,14.8219,99324.8,148.311,5.43611302577494,173.85603392
5,1991,8.01069,96892,72.0927,0.719450487481244,9.96837483870968,97758.6548387097,101.071503225806,2.39924817993599,11.5489,98639.3,145.369,4.38502815117531,84.47322789
5,1992,4.87911,95312.2,45.5961,0.814328719284964,8.74185258064516,97279.9258064516,90.850435483871,2.79894489170833,11.7321,99232.1,145.04,5.03688621814112,232.07411005
5,1993,7.6065,96325.1,45.0789,0.244305146143097,10.4585812903226,97958.0290322581,99.1463419354839,2.73994936503013,14.4318,99142.6,148.452,6.10785610978386,208.7824145
5,1994,6.68547,95788.7,52.9241,0.742601635831756,10.9645996774194,97284.9774193548,100.6546,3.55021699960221,13.8354,99182.5,149.749,6.84799615275155,93.27668771
5,1995,7.73932,96243.8,48.6264,0.620333857890249,11.0812348387097,98083.7677419355,99.0337580645161,2.67560628420564,15.2755,99343.4,145.396,5.9806964951584,166.96295284
5,1996,6.47767,95985.4,57.093,0.869072834554159,10.1680370967742,97785.5612903226,110.975190322581,2.94372666886041,14.4376,99060.8,153.677,5.57885351215642,217.37299809
5,1997,9.13372,96434.6,27.606,0.268648312892525,11.3659864516129,98321.9967741936,93.8947064516129,1.8442887857578,13.5488,99594.3,155.723,4.93914731364929,286.60928785
5,1998,8.58047,96237.9,54.237,0.566737771351972,11.3678232258065,97806.9548387097,98.8410935483871,2.668199336228,14.643,99674,140.176,5.68262330213784,182.33380755
5,1999,7.84966,96732.4,38.5559,0.215732991728201,11.5672829032258,98466.0064516129,101.835093548387,2.44831837977825,15.8293,99569.1,149.23,5.82547355453615,74.44786905
5,2000,8.61385,96594.9,44.2764,0.688806071706689,11.5166777419355,98217.7709677419,95.2548870967742,2.52905051901943,16.168,99319.4,160.045,4.92998992960432,294.57719124
5,2001,5.34941,95756.9,47.9337,0.16581214346374,11.4618332258065,97280.9161290323,89.2357903225806,3.08162552639841,15.588,98808.5,136.287,5.23678589206204,308.28227418
5,2002,6.86216,96045.6,56.211,0.49854341017111,10.9625993548387,97399.7580645161,101.096841935484,3.28110356198987,15.0167,98490.6,136.581,6.25863259295511,73.18628713
5,2003,7.61961,96973.2,28.7756,0.577430652946308,11.4259048387097,98039.0838709677,101.261629032258,2.41018272742466,16.0166,99237.2,140.141,5.52408796347415,192.89715361
5,2004,7.79706,95853.4,41.7026,0.0746275325402763,11.32958,97520.2612903226,99.2254387096774,2.70371404254592,16.8671,98917.3,135.424,4.35475568917477,284.98512833
5,2005,7.26567,95801.9,34.8868,1.09365829445399,11.7272877419355,97632.3322580645,91.3258161290323,2.53396765503065,14.7541,98733.4,140.911,4.57833748608597,286.11712888
5,2006,7.36203,96041.2,32.677,0.53850523761334,10.6106838709677,97650.0806451613,95.9599064516129,2.53012252056643,14.3831,99206.8,140.034,5.74144127913018,232.28350627
5,2007,8.02614,96983.4,62.0194,0.365224180914955,11.7947096774194,98293.435483871,108.081264516129,2.12038683115028,14.37,99332.6,149.755,3.99224342546656,58.45647219
5,2008,7.01552,95722,50.2825,0.254742606901182,9.45001064516129,97570.8225806452,106.161170967742,2.37012840951882,12.3548,98958.7,139.775,4.06771916907989,140.72025905
5,2009,4.68693,95434.4,63.264,0.850197689371125,8.89819483870968,97136.1129032258,103.925687096774,2.96022658204588,13.2741,98038.9,148.404,5.16047623505128,120.43574228
5,2010,7.28449,95735.9,33.5686,0.355431243428318,11.1791358064516,97659.4032258065,100.288661290323,2.27413683139892,14.7956,99402.9,157.106,5.52774403373564,518.260246
5,2011,7.18458,96557.4,38.8247,0.038904293667666,12.2752467741935,97752.3903225806,92.3446709677419,2.79135828069103,16.4698,99011.5,124.562,5.67581309950821,398.03780694
5,2012,5.6245,95585.3,56.6386,0.293898797779099,9.80811483870968,97877.5967741935,110.960112903226,2.75826390518821,14.3349,99468.1,146.882,4.60909308989307,167.80168231
5,2013,5.2439,95417.6,44.0197,0.196619457244724,11.0851019354839,97569.9580645161,101.460987096774,2.24537398190986,14.1426,99234.9,139.492,4.58015255313619,245.41940901
5,2014,6.08711,97035.2,50.6603,0.696320988981375,10.84051,97931.264516129,107.002132258065,2.27413350408648,14.809,98923.1,142.162,4.95165698282908,102.14388134
5,2015,6.07096,95525.8,49.1471,0.613640149470355,10.608925483871,97761.7741935484,104.359074193548,2.5906518118636,15.796,99307.7,148.103,5.70643118463721,271.50465407
5,2016,6.95943,95841,60.2122,0.452815833442251,12.8763174193548,97337.2,95.1450483870968,2.6568694860635,16.7501,98806.2,127.441,5.39283229030803,108.19094476
5,2017,5.60693,96766.5,37.8025,0.60563800578646,10.4337390322581,98115.3322580645,101.621225806452,2.44426622324093,15.4288,98963.1,157.991,5.48561121413503,255.30010953
5,2018,6.65643,96089.3,40.3768,0.472957072894613,11.33486,97689.8806451613,101.516938709677,2.6153710920877,15.4704,98953.4,156.644,4.48531609242872,114.078695026
5,2019,9.77767,95971.3,43.6109,0.340699014476121,11.7210996774194,98190.3548387097,100.283706451613,2.21829178961236,14.8687,99069.6,155.863,5.21913948098726,101.89936624
5,2020,6.99561,96582.8,32.291,0.551944991328846,10.8067864516129,98378.2064516129,104.116929032258,2.31940154295263,15.7539,99208.2,132.925,5.76617428622661,185.611088
5,2021,7.40161,95410.8,60.2884,0.225243476915537,11.0928303225806,98031.2419354839,103.263325806452,2.40297418023981,15.7281,99639.3,162.478,5.24833485297956,167.92068974
5,2022,7.65911,96991.3,38.3046,0.413915339094844,11.8853735483871,98358.5,102.8567,2.23753941565746,16.2259,99247.9,144.746,5.40091511885199,187.01109394
6,1980,4.73785,95595.8,36.08,0.298879838657612,8.475526,97523.93,79.3898666666667,2.69606662964426,13.4809,98739.1,111.029,6.00629435419211,310.55710107
6,1981,5.00554,95842.8,29.2969,0.131513523954801,9.677997,97204.8033333333,73.1208033333333,2.71886662201933,14.8837,99119.2,110.405,5.19573818036485,330.59229096
6,1982,4.99933,96327,38.1565,0.518537363769478,7.559526,97852.4766666667,84.44456,2.3027152773802,12.9302,99193.1,111.488,4.94194041350804,182.68738452
6,1983,3.66171,95542.2,20.1595,1.26787115414343,8.209969,97561.97,76.9253066666667,2.84756805652607,12.3252,99486.3,118.392,5.24077053649556,217.07066917
6,1984,4.04783,96312.6,38.3653,0.748214731236962,9.058274,98352.2433333333,80.9559266666667,2.62190387098226,12.5687,99398.6,111.298,7.42066092602566,184.34356366
6,1985,6.67377,95593.6,31.4812,0.436018539238872,9.65758433333333,97701.41,67.86887,2.56725220722745,12.9979,98491.9,92.3565,6.23807087503821,370.58533469
6,1986,3.95585,95418.4,37.1581,0.701187182220846,8.11540366666667,97444.98,81.7921133333333,2.45808979823905,12.5993,98489.7,112.159,5.04511044006967,143.8079087
6,1987,4.08659,95784.9,35.7323,0.387621045834253,8.01051133333333,97704.4266666667,81.8825733333333,2.32913319548443,11.5211,99032.5,111.156,4.44410651678152,132.14725604
6,1988,3.83511,96122.8,30.2822,0.904240433677349,9.368513,97970.21,77.9991933333333,2.80914946930424,14.3754,99426.9,117.527,5.67349895571507,184.54338142
6,1989,4.28574,96106.5,22.6061,0.39303773972737,9.214549,97950.6633333333,77.2595466666667,2.72056043456265,15.0007,99227.1,110.581,5.55696027177629,283.53897464
6,1990,5.93494,96128.4,40.2743,0.955976691191265,8.36922233333333,97528.67,82.04893,2.54890284078902,13.0885,98622.9,115.12,4.77277041062107,187.96638564
6,1991,3.89765,95422.8,45.8683,0.449290078769708,7.86407066666667,97113.0366666667,87.67296,3.05291922536849,11.9843,98669.6,107.226,5.20181016688925,120.684382
6,1992,3.4236,95942.9,29.3689,0.472003038117087,7.42738433333333,97571.45,82.1216833333333,2.41908734599071,11.8912,99418.8,116.321,4.60359831374991,149.22533506
6,1993,5.67186,95711.2,40.6032,0.496209593065269,9.27029333333333,97519.85,74.9915166666667,3.32257774033473,12.5352,98946.1,110.706,5.3860510786813,226.85148994
6,1994,2.22994,96006.1,42.5468,0.223133822598122,7.99670066666667,97486.07,79.04526,2.66390000481653,12.4797,98535.5,113.993,5.2706167845276,192.60421095
6,1995,4.88605,95690.8,40.069,1.0322518001921,8.26890766666667,96988.98,81.6169266666667,2.68620150156517,11.7874,98512.3,108.487,5.03666513730355,186.75039994
6,1996,4.016,95577.1,41.9882,0.492230004775207,7.25131233333333,97598.23,86.6081433333333,2.83997630641515,11.4604,99429.6,116.209,6.40820798162981,139.72395632
6,1997,4.27529,95646.9,18.5102,0.647112935060025,7.7937,98041.42,85.0224533333333,2.59439503244322,12.1207,99282.8,112.518,5.79711231429062,327.72650619
6,1998,5.83388,96552.9,24.8402,0.0742365883522546,9.74097733333333,98116.56,74.47902,2.41748427475252,14.553,99497.5,113.541,4.71534883491137,357.8405504
6,1999,4.98345,95576.5,36.9924,0.883552537889197,8.722963,97726.2733333333,86.5104133333333,2.39794540057585,13.7709,99346.5,111.016,4.49467302843043,106.86387962
6,2000,4.79415,95825.5,32.7958,0.796621247884464,8.92498566666667,97861.2066666667,84.2850333333333,2.89304617670023,11.3861,99167.9,110.995,6.03878055223279,145.40832095
6,2001,4.40635,96092.3,35.8688,0.681373265648132,7.968477,97981.7766666667,85.7309066666667,2.03027553528565,13.0409,99280.4,118.47,4.27390458308325,79.16454152
6,2002,7.49985,94885.4,19.1093,0.779158728718353,10.6948936666667,97205.76,69.20658,3.3198485627298,13.3695,98258.3,99.224,6.14039197293626,295.74485424
6,2003,5.12013,96022.9,29.432,0.925657599548019,10.4503713333333,97845.02,81.98777,2.83648434834006,13.6052,99518.7,111.059,4.9912580507323,250.27797084
6,2004,4.83141,95742.5,36.6264,0.206421473375252,8.92168466666667,97844.9733333333,76.8170466666667,2.8940052583354,12.8127,99201.4,112.423,7.02258706450123,373.32614283
6,2005,4.25753,96192.7,46.2118,0.843802795009592,8.40060066666667,97854.87,88.1926833333333,2.97841798285117,11.7985,99172.5,113.591,5.07335356435957,188.99422901
6,2006,4.5789,95878.8,52.673,1.35395064364437,7.051766,97777.57,91.3020433333333,2.94204209282324,11.1317,98661.5,116.804,6.13957024298118,178.23531759
6,2007,4.51115,95271.4,21.772,0.60214233445756,8.72345433333333,97354.4133333333,77.4905733333333,3.24279230968255,11.6598,98880.7,111.331,6.48139554675214,232.41335955
6,2008,5.49136,95621.9,26.26,0.880515343269497,8.55130766666667,97813.9166666667,82.71102,2.9174606139593,12.8117,99562,115.179,5.31689513546402,212.70924529
6,2009,3.14667,95767.5,17.2714,0.733982808110653,6.88296333333333,97880.2033333333,83.8043966666667,2.84593277511382,11.8917,99215,117.752,5.87556237364561,287.42374062
6,2010,5.23982,95759.2,40.5774,0.805394322459502,8.78954166666667,97615.0133333333,78.72861,2.77384360943346,13.9089,99173.8,109.586,5.88380823135833,349.21739847
6,2011,6.74526,95759.6,39.6446,0.16527589719342,9.872736,97602.5133333333,76.7481566666667,2.46382907989342,13.5991,99296.8,110.04,5.25400925612051,325.07468739
6,2012,4.44351,95764.3,49.7687,0.472657595205028,8.04799433333333,97573.2366666667,87.9654033333333,2.68442066885327,12.9741,98735.9,113.42,5.29125716058103,171.84836002
6,2013,4.76431,94841,28.2369,0.430270405240704,8.74779666666667,97489.1833333333,80.3655466666667,2.58077800736133,12.2365,98901.4,107.627,5.8627197476342,222.17547894
6,2014,7.9524,96869.1,28.3865,0.19051155594609,10.185099,98153.7433333333,70.50501,2.69628339821142,13.5561,99268.6,108.956,5.49995432579444,331.40050905
6,2015,4.89858,95749.6,37.9168,0.359247544974214,9.02136866666667,97803.0333333333,82.96099,3.37112287917611,13.3584,98879.3,108.472,5.9207914294274,113.55663283
6,2016,6.0994,96307.5,28.2523,1.02433830309815,9.772245,98083.7566666667,80.0654833333333,2.70362160936586,14.7774,99623.5,117.634,5.25351820266191,271.66508888
6,2017,6.17103,95922.1,19.2432,0.570832388959316,8.85974166666667,97960.9966666667,84.6796833333333,2.38282514628263,12.9212,99167.7,110.259,5.78400721427489,227.47615464
6,2018,5.16288,96060.1,22.609,0.740606008229072,8.67098066666667,97710.3,79.3997766666667,2.87633891189853,12.0373,99137.4,110.026,6.47593723196882,193.86871955
6,2019,5.79214,95628.9,37.501,0.597858578004029,8.55101866666667,97764.9,85.4811,2.16503565056464,11.5815,99887.3,118.472,4.48509575845377,155.466384661
6,2020,6.48583,96392.5,27.6869,0.277688841513302,9.92357966666667,98146.0466666667,74.6422833333333,2.33599511177089,13.0094,99944.6,105.155,4.62664974773323,341.51088623
6,2021,4.64372,96179.2,22.676,0.470757300086786,10.099959,98199.72,72.90472,2.20989399593594,13.1739,99579.8,114.841,4.16174111220292,215.74742531
6,2022,6.13864,95955.5,45.0201,0.136666201247273,9.89366766666667,97683.7566666667,73.6328266666667,2.67351868111098,13.7785,99049.4,102.537,5.49723853429783,260.09810558
7,1980,3.88632,95722.4,40.9568,0.139774971610786,7.08347419354839,96965.5419354839,89.3540322580645,2.39219139522558,10.0128,98609.2,134.877,5.48161866670786,127.089421039
7,1981,4.41986,95921.2,52.2688,0.296320752832551,7.83461258064516,97304.3548387097,90.4797709677419,2.85117669606711,11.7343,99037.5,123.083,5.63689829457655,249.0905454
7,1982,2.97123,95868.9,45.7023,0.407480774227447,6.67565774193548,97687.8741935484,88.8362483870968,2.79997932841377,10.1998,99146,123.689,7.52136126608076,149.174245
7,1983,4.00309,96003.9,26.196,0.0931120508862865,6.56072516129032,97885.8935483871,98.8950161290323,2.3815546691936,12.161,99248.4,132.675,7.30723694377704,160.54960604
7,1984,4.40013,95833.9,45.9322,0.468580600034829,8.35292290322581,97679.2129032258,91.8030451612903,2.34814098417476,11.4174,99236.8,129.507,4.36451274114305,279.78376638
7,1985,5.26145,95559.9,26.3453,0.725454505616996,8.60650870967742,97334.2774193548,80.0794387096774,2.70034201443338,11.5062,98942.5,111.692,4.98849189179455,273.0362847
7,1986,3.31856,94263.7,43.9183,0.719339515092143,6.62066870967742,97180.7290322581,94.6140612903226,2.76657697735732,11.7363,99429.1,127.616,6.14156027201557,234.111072
7,1987,4.41758,96672.8,51.5255,0.934192382644367,7.14042741935484,97740.6419354839,92.4673387096774,2.63470909394662,9.44344,99179.9,131.811,5.45681950056991,124.580822788
7,1988,4.15543,95980.4,40.1815,0.97623512749854,8.63569580645161,97824.435483871,84.0092806451613,3.3833725598441,12.5319,99324.3,118.313,5.58628872590998,206.24312008
7,1989,3.73457,95851.7,37.9392,0.194828509477566,6.93635129032258,97736.7387096774,95.9782193548387,2.13698946690912,11.0475,99188.4,131.75,4.46964599388195,172.26235278
7,1990,5.20324,95515.9,35.1978,0.404293654712759,8.18637677419355,97491.5225806452,84.0255129032258,2.55360287833855,10.4983,98729.2,130.318,4.58126990775931,219.32738501
7,1991,4.6098,95140.4,50.2058,0.63267902282279,6.97995161290323,97536.4322580645,91.4765225806452,2.43542152592898,10.6674,99419.7,120.694,4.85740937081692,183.64577946
7,1992,5.40893,95494.2,40.0953,0.769959223446281,8.21783032258065,97515.9935483871,81.2019483870968,3.21931151206127,11.2365,99023.5,117.964,5.52535808743651,269.75327526
7,1993,4.92947,97669,42.9441,0.61106934608275,7.35521387096774,98742.1322580645,92.8681483870968,2.06345959450866,9.73667,99846.1,132.08,5.51924931883531,46.86617826
7,1994,2.73122,96278.5,27.4338,1.17963293812016,7.15622838709677,97567.0161290323,86.1059322580645,3.00513386385435,11.0248,98684.1,120.897,5.80097118621529,348.1723536
7,1995,3.56296,94755.5,57.4923,0.589076502857014,7.21213161290323,96663.4322580645,89.3251580645161,2.87627585995633,10.7463,98459.2,118.647,6.02063151166852,288.6936732
7,1996,4.30002,96139.1,17.9875,0.63134401404255,7.87798677419355,97330.4096774194,85.2767806451613,2.37490298448932,12.0086,98881.7,137.593,4.61248607746408,299.93401923
7,1997,4.87858,96006.5,54.1056,0.44784480802729,6.65805870967742,97759.2870967742,98.4975903225806,2.35032126007163,10.6494,99268.7,126.013,4.65240404612497,121.21762054
7,1998,5.2897,96127.6,21.3048,0.293402519157147,10.0087187096774,98028.9032258065,75.332935483871,2.87385482716778,13.8042,99552.2,115.792,7.45824553634325,535.76548264
7,1999,4.69154,96409.4,49.1586,0.446253690037405,7.96973709677419,97604.6129032258,95.2125064516129,2.68902948964115,12.7426,98832.1,141.303,5.97499676525067,211.52807115
7,2000,5.78493,97050.5,39.4557,1.17972056358656,9.38542774193548,98056.9741935484,81.7479838709677,3.56615441677584,12.2546,99155,115.282,5.72071260288436,221.36477218
7,2001,4.1054,94988.1,47.6202,0.769136511652515,6.53774161290323,97756.4967741936,92.4226096774194,2.53023264781646,11.2842,99341.7,125.307,4.27074795099172,94.43239419
7,2002,4.5389,95360.8,53.6906,1.25409935669181,8.43322,97315.1516129032,90.225435483871,3.28968423541433,11.4069,99144.9,123.65,5.46995175624977,206.57744462
7,2003,3.72422,95888.1,53.5947,0.706135438218477,6.92664838709677,97942.8,96.4955161290323,2.36952694676503,10.2866,99639.7,128.418,4.6242753768915,72.20200545
7,2004,4.73336,96257.3,14.6343,0.699890951031659,7.29337096774194,97857.8064516129,90.4902193548387,2.5427421696512,11.2594,98837.5,119.561,5.31669436324865,413.44453258
7,2005,6.03037,95955.7,44.5053,0.544682045492597,8.65531612903226,97811.1967741936,84.9980548387097,2.4928891944312,11.3278,99406.8,131.818,4.91002166653061,181.93676084
7,2006,4.91893,95818.4,59.3376,0.637846654162268,8.01297161290323,97848.1451612903,95.2469258064516,2.5127214960082,10.8041,99322.8,137.71,4.72562841740652,224.68490834
7,2007,4.37566,96151.7,41.3924,0.791712338306029,8.35239387096774,97440.2580645161,78.7352709677419,2.93808420691811,12.0003,98533.9,114.519,6.31781780605456,318.77693274
7,2008,4.27394,94511.5,29.3596,0.657512089307109,8.09300612903226,97474.0935483871,81.6561419354839,3.14074706579275,11.6899,99464.5,122.303,5.77913016064702,394.7247035
7,2009,4.01146,95369.8,38.1936,0.550655917594182,7.03810580645161,97181.4774193548,87.3689193548387,2.60646861842364,10.9992,98668.4,122.128,5.53283470442593,260.60851287
7,2010,4.2199,96493.7,40.5528,0.490220556918006,7.42591709677419,97906.6064516129,93.0064935483871,2.63642812244607,10.2696,99425.7,130.294,6.06366001894071,158.70425466
7,2011,3.45895,95088.4,40.3466,1.15631346929974,7.88408741935484,97284.835483871,91.3069387096774,3.42893510313184,10.5308,99135.2,138.695,5.90066393353324,139.91743639
7,2012,4.44822,96020.1,17.4219,0.187298662507237,7.75127419354839,98089.1064516129,89.941364516129,2.42288350958864,12.3522,99602.9,124.381,7.29517296121895,398.66369816
7,2013,4.1976,96451.8,69.7641,0.338632871058024,7.87828193548387,98288.4709677419,96.9619451612903,2.15663922603064,12.2004,99175.7,132.147,4.40580736960889,76.90635281
7,2014,5.13782,95645.3,54.2372,0.313349210849493,7.6580035483871,97415.564516129,98.3884580645161,3.10362517653812,10.9722,98884.2,128.609,6.70334262067067,110.0264819
7,2015,3.28648,95571.7,47.3457,1.18012540023338,7.19631612903226,97908.4806451613,96.3351774193548,2.66885863018097,11.1645,99425.9,128.798,4.35937549244155,204.03216388
7,2016,4.47185,96252.5,38.4949,0.87486091560316,8.1538164516129,97438.6258064516,94.6758322580645,3.51493102162277,13.1187,98630.9,116.144,5.77351375251675,211.513723
7,2017,3.66452,95165.7,40.6547,0.225391891689209,7.5902064516129,97274.7419354839,84.8868322580645,2.39007780797722,11.6128,98947.4,137.763,5.37653494371607,237.51748689
7,2018,5.21746,96392.6,61.9712,0.579330831611783,8.14400806451613,97821.1709677419,90.4239677419355,2.51832546061753,11.7096,98985.3,123.611,5.84059936105876,169.29830565
7,2019,5.60722,95738.9,46.1971,0.682555487099034,8.91558258064516,97592.8193548387,82.4092580645161,2.41732951538264,13.7043,99404.6,125.806,4.20364179216177,245.0576787
7,2020,4.78576,96053.2,21.9334,0.521961995566727,8.24030774193548,98095.3129032258,84.2874548387097,2.60864799008958,11.4247,99909.9,125.569,4.91033353597289,177.10365082
7,2021,5.3847,95954.5,52.622,0.322005021382291,8.18836548387097,97876.5903225806,92.9696612903226,2.56011155150351,11.9115,99933.9,119.889,5.78733583529589,237.69300196
7,2022,5.58075,96260.8,29.5469,0.323635962070039,9.43317548387097,97979.5419354839,79.4570548387097,2.72879093231376,13.3216,99540.9,128.566,5.66452346776849,524.13070165
8,1980,4.07146,95940.6,54.5811,0.347612509221417,7.65785129032258,97897.2322580645,116.314916129032,2.97830020785925,11.875,98994.4,164.011,5.47990368311342,145.19019716
8,1981,4.78523,95382,43.1096,0.835913401524943,7.48116419354839,96690.5709677419,125.863741935484,2.63519090894392,10.0902,98059.8,179.696,4.94656113103932,248.6385095
8,1982,4.64455,96809.3,89.6409,0.74348579849248,7.71489161290323,98186.3838709677,127.558641935484,2.42938518360891,10.354,98967.9,171.395,5.39859327336298,47.1430868
8,1983,5.03879,96929.4,51.597,0.366199684004506,8.08687064516129,98083.2935483871,123.104064516129,2.41913395828652,11.5161,99160.5,165.129,4.62241172704397,148.69142815
8,1984,4.26655,96377.5,62.0654,0.548108346242784,8.66191967741936,97699.6612903226,111.714032258065,2.92930656819026,11.5751,99363.3,166.631,6.19914053350753,218.7424559
8,1985,4.39348,95912,56.3211,0.974335978049153,7.33893451612903,97930.2774193548,127.530096774194,2.70992357159761,11.6654,99493,162.734,5.80818583518124,174.42190536
8,1986,4.62662,95853.2,39.9381,0.038934080467503,7.19663387096774,97357.7419354839,114.293183870968,2.16220134428552,10.7912,99693.2,164.881,5.24166891958086,263.3285854
8,1987,6.11117,96838.8,52.2448,0.0607310187261831,9.02043322580645,98242.1064516129,123.181064516129,1.71927315501638,12.3912,99740.2,171.731,4.67127012887512,173.2249624
8,1988,5.43762,96051.4,54.9254,0.132451237475873,8.91201032258065,97908.9548387097,113.017903225806,2.88442146785166,11.7383,99330.1,188.127,6.8356996894612,332.56055995
8,1989,4.61117,95809.4,45.2234,0.940246877199813,8.18047096774194,97692.9516129032,114.403480645161,3.14868518787581,11.8688,99374.2,152.16,6.08210320570935,237.00595
8,1990,6.25773,94289.9,40.3842,0.304883087169312,8.51790870967742,97018.9161290323,112.538951612903,2.81868242567634,12.6242,99000.5,180.478,6.10847363057253,450.27462224
8,1991,5.80847,96408.6,62.3613,1.54608710788105,8.83819258064516,97388.8677419355,112.303096774194,3.24507687562327,12.2057,98346.8,153.654,6.10563256419841,279.13474427
8,1992,4.43341,94534.4,55.6985,1.07844485371297,7.3906635483871,96603.7483870968,119.293403225806,3.47150922144505,11.1483,98155.6,175.319,5.81970309524464,237.3716157
8,1993,3.85046,96284.4,42.5281,0.538794670070928,7.19766677419355,97747.6903225806,124.847432258065,2.36134499925098,9.13678,99210.6,186.23,4.73032920809958,129.97741018
8,1994,4.04379,96558.3,63.6215,0.413334766735149,7.98450612903226,97944.1225806452,118.418496774194,2.52700764228018,10.69,99129.2,183.674,5.47415901051477,184.50073804
8,1995,4.17479,96980.9,58.9028,0.696948739762115,7.28837419354839,97975.6516129032,125.159874193548,2.76683341734222,10.78,99131.9,183.874,4.93417196978379,189.7323199
8,1996,4.15156,95798.1,67.7738,0.207994935141796,7.8137364516129,97086.3322580645,126.435106451613,2.84801883846079,11.7597,98832.9,179.347,5.27059285578008,281.100135
8,1997,4.79563,96248.4,72.1425,0.353804148586474,7.63056806451613,97719.4258064516,126.665467741935,2.94895622223358,10.2485,99044.4,187.856,5.23739600351167,118.44491735
8,1998,4.81039,96766.1,60.5536,0.873253767572749,8.49051032258065,98217.3709677419,126.555561290323,2.81221764930669,12.008,99650.8,195.317,5.87159054575504,268.58811819
8,1999,4.88031,96329.1,65.681,0.712660841516772,7.91479806451613,98128.4096774194,126.210451612903,2.46593880769662,11.5846,99337.5,171.866,5.1638614489256,177.9712099
8,2000,4.97593,95178.3,46.821,0.363262585721404,8.1655335483871,97410.1838709677,129.476732258065,2.48056019554323,10.7521,99102.7,181.602,5.25645526348318,266.36618166
8,2001,5.7264,96260.9,50.3489,0.642500376766426,8.39618258064516,97398.6903225806,117.638732258065,2.44435127897067,11.5821,98365.4,177.153,4.57943857731491,169.79892501
8,2002,5.04174,95729.2,58.4498,0.555254608432024,8.35548612903226,97489.7419354839,128.695248387097,2.92770688241739,11.662,99413.5,186.92,5.48991491574323,132.58627872
8,2003,6.4002,96028.5,77.1278,0.27628529153757,8.36296290322581,97624.1709677419,126.08094516129,2.58218422088827,10.3661,98555.3,174.718,5.51021174657562,134.6694581
8,2004,3.79296,95415.3,73.8105,0.80343522514886,6.94700290322581,97046.0677419355,129.602548387097,2.85949668932541,10.4539,98434.6,186.746,6.18056695913894,129.78145283
8,2005,5.99819,96841.1,66.401,0.268914528342167,8.39209451612903,98171.8806451613,130.864406451613,1.83399716009289,10.5603,99588,180.085,4.36383167614197,113.118187243
8,2006,3.90442,95569.8,44.1371,0.527939579075334,8.08204806451613,97628.9064516129,129.6893,2.65116110619078,12.4765,98715.8,186.943,4.4972041795987,230.05593774
8,2007,5.2094,96214.9,83.8983,0.906702523659221,8.6007535483871,97690.9161290323,126.166558064516,3.03950499026983,11.8665,99566.9,190.227,6.15917801275462,232.16946618
8,2008,3.31007,95553.9,59.3798,1.14376333638879,7.96744935483871,97297.7709677419,121.926751612903,2.97678920065097,10.666,100033,170.529,5.09224926727865,198.3851896
8,2009,5.7432,96147.3,29.4228,0.684927369469201,9.09503838709677,98025.4451612903,110.980190322581,2.84876194975424,12.0237,99535.7,159.436,6.18070575628706,329.00607881
8,2010,5.31335,96324.7,39.0724,0.411242913762657,9.15573290322581,97371.0870967742,109.165687096774,2.48868767652435,12.5892,98988.2,157.786,5.31567874660997,436.38193937
8,2011,1.90994,95890.9,60.7323,0.357998447957865,7.36319419354839,97888.2967741935,129.540793548387,2.35363530269085,12.1716,99356.3,179.776,4.41364306236923,59.080663067
8,2012,6.63297,96332.7,79.7563,0.311357077969973,8.49700870967742,97670.9709677419,123.703629032258,1.90393498477055,11.2452,98965,183.299,4.38227242685801,226.7629763
8,2013,7.61696,95565.6,59.5353,0.184024242639088,9.38097032258064,97409.6903225806,113.09465483871,2.72781393993952,11.1963,98710.4,165.687,4.81101789625647,251.2492818
8,2014,4.24266,96437.7,44.4142,0.27695339545716,7.93261161290323,98137.4483870968,128.715174193548,3.05905820632233,13.1704,99444.2,167.646,5.5205966588857,174.21582372
8,2015,3.941,95996.3,57.4352,0.475414748691077,8.04196548387097,97930.9903225806,121.835541935484,2.32454906002132,11.5011,99356.1,184.393,4.71312578172915,261.34335843
8,2016,4.07703,96022,54.8945,0.481361662885704,8.09153870967742,97724.3322580645,125.881951612903,2.32823324631665,12.4504,98924.2,176.807,5.56895293088387,125.73071907
8,2017,5.78914,95090.7,45.4197,0.345805818095937,9.34357096774194,97669.7870967742,115.651051612903,2.11677739861076,12.0908,99220.6,168.476,6.1854777624772,211.49455475
8,2018,6.43901,95783.4,32.506,0.26514959609247,8.97705258064516,97322.0580645161,118.108512903226,2.28380991942655,11.0662,98530.1,174.402,4.87370886574783,337.72234937
8,2019,5.40884,95744,67.4976,1.4566936684976,8.59451903225806,97161.5193548387,120.45724516129,3.32239025628498,10.6588,98737,178.983,6.0947902394176,191.9298083
8,2020,5.49831,96043.5,65.7307,0.544926701648029,8.88691806451613,97713.6580645161,126.615748387097,2.37641934709282,11.5119,99180.8,175.741,5.26937228056625,203.88462836
8,2021,5.0337,95977.1,70.156,0.380910622809341,8.20419935483871,97997.1774193548,121.882609677419,2.2860161290329,12.5006,99770.4,161.261,4.63043397994184,126.66661505
8,2022,4.63666,97122.2,50.7811,0.275406848778312,9.47743806451613,98424.5096774194,122.494829032258,2.18413525743208,13.9531,99653.7,186.443,5.29238070348307,208.10223528
9,1980,6.4568,95802.7,67.7421,0.862954431734376,10.1889786666667,97160.4233333333,166.037126666667,3.43470631894463,12.1961,98148.6,238.899,5.26388844232094,156.42974846
9,1981,6.00762,95223.7,80.5601,0.2448543390998,9.03074333333333,97195.77,162.185196666667,3.68870755003305,13.0109,98422,246.169,6.17415222236219,94.25136296
9,1982,5.21286,96628.6,115.237,0.118679503414954,9.147627,97898.39,170.776433333333,2.13642501128223,12.2477,99214,219.256,4.51297785633601,161.34240622
9,1983,7.23002,96420.3,107.913,0.948915965684001,10.0621106666667,97551.4633333333,171.864533333333,3.06402125935727,13.038,98601.4,212.279,5.35883538618234,177.12821125
9,1984,6.89136,95211.7,89.9207,0.714737253437576,8.989311,97535.11,156.895756666667,2.51226141051983,10.9246,98756.5,230.11,5.02391238562139,229.105472
9,1985,7.09451,96477.4,101.174,0.436028115187542,9.59756266666667,98120.6433333333,163.112533333333,3.28166110814291,12.4257,99295.9,215.103,7.04396939003145,173.11374669
9,1986,6.25966,96018.5,67.7696,0.627868699236751,9.46126166666667,97336.7466666667,167.760886666667,2.90884811900013,12.1416,98868.4,235.628,4.66598517804118,179.16620187
9,1987,8.27504,95782.5,66.8782,1.11528814549246,9.837825,97143.48,165.87224,3.32323350246559,13.6607,98336.6,227.343,6.78077241591988,169.59620324
9,1988,6.78763,95870.4,73.2012,0.984697855820759,11.2320573333333,97867.67,158.138006666667,3.01209076234892,15.0752,98803.7,221.598,6.76979538926399,105.6847416
9,1989,5.78997,96502,81.4128,0.414762264562484,10.5447816666667,97948.1533333333,155.980846666667,2.48090633179315,13.8045,99089.8,227.313,6.4637113380414,245.875468
9,1990,5.94772,96015.4,101.028,0.389039162883379,8.82798533333333,97912.1866666667,176.020566666667,2.36646403493277,11.7359,99041.4,251.832,4.67571159060308,184.7606533
9,1991,6.72522,95650,71.7649,0.71218747568881,9.69771833333333,97102,161.16969,2.61964090625839,11.9064,98294.6,219.294,5.06598144018916,291.3208637
9,1992,4.96338,95376.6,107.449,0.652350484825765,8.234526,96766.4633333333,168.137533333333,2.61174800529998,10.7011,98328.7,228.062,5.50589819646168,169.1386806
9,1993,5.50492,95939.9,85.4643,0.605773750102594,8.18204733333333,97674.8466666667,168.06588,2.87770453523663,10.391,99390.3,245.668,5.26972803672068,108.40959926
9,1994,5.15541,95793.2,100.332,0.179366485888529,8.654447,96863.9233333333,157.1322,2.9041360794479,10.6059,97940.4,204.054,4.38031495224944,256.6025551
9,1995,4.57384,95779.5,67.2527,0.530677846157158,9.50366733333333,98188.05,167.74389,2.50743089915097,13.3442,99563.3,248.634,5.81369101870748,255.96737988
9,1996,7.78128,97020.9,51.313,0.500337095256788,10.5930263333333,97878.6633333333,159.858343333333,2.59389077957307,12.7761,98735.2,235.439,4.87624668741236,307.6227624
9,1997,5.05214,96186.2,45.2301,0.735882817427476,8.85376066666667,97839.7033333333,144.205846666667,2.65348490389182,11.7631,99130.7,221.513,4.85068517693119,325.203806072
9,1998,7.02535,97096,89.9075,1.11965362632914,10.4533256666667,98253.1166666667,173.64855,2.79670506751175,13.9988,99250.3,240.091,5.66843000437511,165.72545353
9,1999,7.15841,97134.4,97.3655,0.181199747894665,10.002817,98331.73,181.158416666667,2.27874912290507,12.783,99604.8,270.768,4.3233533473104,225.9372825
9,2000,6.72096,96310,105.075,0.683094479978429,10.0371586666667,97516.79,179.8375,2.69164095887199,13.6791,99026.2,251.617,4.68216579559599,129.26057099
9,2001,7.30076,97455.3,99.1158,0.578404106750635,10.0422066666667,98475.2066666667,174.789526666667,2.37925760727923,12.5251,99149.1,256.274,5.82448346257417,187.2106424
9,2002,6.39507,95648.9,80.3286,1.47597886024021,10.282587,97666.22,177.888113333333,3.07849931751775,12.6603,98817.1,257.237,5.91101628575831,143.82495244
9,2003,7.47039,95800.2,111.406,0.899475696888471,10.4676893333333,96808.7933333333,162.077133333333,3.14524463138254,14.7267,97991.2,204.425,6.27447852775033,280.566859
9,2004,5.69633,96654.4,105.578,0.0528016914768836,8.83361166666667,97785.07,170.0857,2.93434810335224,12.6239,99813.4,229.758,5.91168479722152,151.55478657
9,2005,5.90281,94594.1,99.7468,0.62544138286893,10.628642,97787.12,160.32406,2.36504918935962,13.2809,99216.6,233.522,5.11404095261272,147.860392
9,2006,8.2199,97142.8,116.406,0.3328201567769,10.7149586666667,98203.1633333333,188.414866666667,2.44562282268743,13.7566,98933.3,251.505,4.66889968747456,107.94787393
9,2007,5.08822,96227.3,89.206,0.208527722571844,9.77653866666667,98012.54,161.98952,2.18431785507127,12.9364,99357.2,238.154,5.32081246417312,205.1067395
9,2008,8.24615,96545.1,90.4939,0.283833436051961,10.381265,98016.2866666667,182.712396666667,2.46750248817248,13.3305,100089,250.742,4.4109475209415,128.40298406
9,2009,5.62115,96064.7,73.5335,0.339253043778534,9.98309633333333,97905.5233333333,170.912673333333,1.94948515811568,11.983,99435.3,237.032,4.32832686257635,211.70941326
9,2010,7.19209,96017.9,65.516,0.772784985511494,10.3897033333333,97492.8133333333,154.39309,3.47961654180526,13.1667,98558.1,229.37,6.56427133297284,343.6118865
9,2011,6.35979,95795.2,111.903,0.314685123054777,8.68637466666667,97627.6266666667,186.331066666667,2.4825960708969,11.0188,99380.9,244.048,6.41875966601025,77.26922171
9,2012,5.34561,96158.3,58.6069,0.804779077688405,9.594644,97876.4566666667,157.18925,3.18162212250241,12.9319,99204.2,224.935,6.16760245325694,224.5077217
9,2013,6.71445,95748.5,67.5755,0.373008679390976,10.4451103333333,97522.88,163.92926,3.00391362169899,13.3629,98953.9,234.212,5.98495635354018,258.77648184
9,2014,6.97194,95999.8,96.9806,0.397650616961674,10.3674543333333,97453.6666666667,170.984163333333,3.05921822266541,12.5469,98951.9,251.152,4.9575690050669,215.533031291
9,2015,6.14168,96313.9,107.713,0.391099157763399,8.810089,97578.91,172.1143,2.49191609459831,11.2197,99244.9,228.903,4.25025206076063,210.93913567
9,2016,6.03686,96687.1,63.9026,1.14579116069422,10.487984,97694.83,126.108546666667,2.87553224141987,12.707,98664.7,208.692,5.08834327007485,279.553633
9,2017,6.19672,95560,80.2178,0.379453466185249,10.0241966666667,97019.9333333333,153.922726666667,2.94031044143717,13.9942,97934.2,227.273,5.15612249995091,247.369198
9,2018,7.38998,96331.8,113.705,0.913326025068814,10.1449746666667,97656.5033333333,177.952533333333,2.71896902997269,13.2813,98868.7,229.413,5.28263398309063,104.61083716
9,2019,6.33815,95211.2,73.8839,0.739018503438852,9.85997466666667,97504.8333333333,159.84506,2.98304467401717,13.1888,99545.7,234.665,6.47081210314254,220.28190421
9,2020,6.78,96976.7,93.0739,0.870195379960707,10.0254363333333,98234.8,180.756463333333,3.02629936539398,13.7041,99251.8,223.851,5.49212107624877,104.07933814
9,2021,6.7977,96287.3,38.7954,0.283572723940861,9.61278566666667,97977.5566666667,158.33964,2.53607730338143,12.9546,100070,254.128,4.86112538173004,261.8356002
9,2022,6.2521,96017.6,62.8754,0.292522277179448,10.2076846666667,98283.8666666667,153.517256666667,2.1047550843213,13.3661,99367.5,215.381,4.78972933081818,424.7497769
10,1980,9.27712,96464.7,84.9243,0.493235028869605,12.1289783870968,97851.6580645161,220.69794516129,2.64595015396362,15.0481,99152,328.77,5.19789046619876,158.78634482
10,1981,7.27586,95695.1,132.549,0.731004177785599,11.3535564516129,97871.0709677419,221.252935483871,3.02205388288358,14.7794,98686.7,309.002,5.46177821855309,161.2735062
10,1982,4.57474,95952.1,112.857,0.200823606553637,9.75045387096774,97013.3612903226,215.357064516129,3.18853984809939,13.5998,98028.1,295.467,5.4023260024271,187.306967
10,1983,8.24889,97102.9,56.428,0.590446299333817,11.722065483871,97911.1419354839,174.343122580645,2.895324593869,14.2307,98933.2,282.471,5.2579612831686,463.17741777
10,1984,6.44647,96535,143.135,0.55038874187981,11.0852080645161,97839.9129032258,234.268451612903,3.01343884510763,14.2284,98925.7,315.166,5.11520235600704,39.36205299
10,1985,5.89025,96131.4,134.822,0.0410996237655578,10.7793229032258,97913.1129032258,222.748032258065,2.04440975166757,14.2908,98902.2,310.846,5.52467503812668,141.3421274
10,1986,9.62267,96485.4,115.725,0.326073807059077,11.9013925806452,97392.9935483871,207.770612903226,2.41015978061431,14.9367,98071.2,261.663,4.55658793296036,161.3316309
10,1987,8.10958,95957.1,132.27,0.222679545761527,11.7362690322581,97922.0129032258,215.292322580645,2.65906009447302,14.1062,99118.1,305.974,5.25078036962126,209.35290871
10,1988,9.06512,96137.2,135.82,1.66380269993049,12.4459841935484,97264.5838709677,230.706258064516,3.69672780563429,16.2045,98408.8,325.943,6.03473588817572,159.10455539
10,1989,8.96891,95694.4,124.22,0.812677748076346,12.2535132258065,97185.035483871,200.304,3.2855427510981,14.6806,98709.9,256.524,6.26922276035076,352.906038
10,1990,7.68796,96457.1,113.326,0.691999711538957,11.9521122580645,97779.4580645161,202.635419354839,2.5633780027363,14.8028,99015.9,278.263,4.73685780451556,280.3528286
10,1991,7.57322,95896.7,165.905,0.549313942588389,11.0806635483871,97392.664516129,231.115161290323,2.80571063341481,14.0321,98427.2,299.661,5.77435663339216,206.29513749
10,1992,6.18373,95484.2,113.587,0.65096089285686,10.1053477419355,97541.7258064516,203.574741935484,2.31009971313319,12.4209,98540.8,269.921,5.11837042212656,216.06236875
10,1993,9.36338,96976.5,123.63,0.597520748643928,11.5714706451613,97957.3387096774,217.120290322581,2.72107858333551,14.3391,98755.3,278.742,5.18521348671393,109.18818808
10,1994,5.29965,96211.1,144.464,1.16351045401234,10.5514638709677,97203.1387096774,217.041612903226,3.08537056423168,14.3247,98407.2,293.459,4.99913257240694,211.138377824
10,1995,8.85409,96590.3,106.238,0.141709547628803,11.4047303225806,97597.0322580645,202.005193548387,2.63307731289752,14.4907,98299,304.709,5.41985333736993,219.6863238
10,1996,8.82907,96465.9,116.513,1.00244343777592,11.6749151612903,97946.9032258065,218.834774193548,2.93380538020847,14.6684,99107.2,311.877,6.23361952938427,93.97326002
10,1997,8.6708,96016,146.76,0.79804488869048,11.5619764516129,97510.1580645161,233.32835483871,3.06714439891565,15.1403,98666.9,311.038,5.91111734244889,133.3674831
10,1998,9.73499,96153.7,121.168,0.499484834749765,12.7070577419355,97606.9225806452,218.865258064516,4.062391506224,15.4879,99008.5,296.5,6.19535334122276,224.21508608
10,1999,7.68618,96738.5,95.7662,0.933699777128601,12.2626387096774,98293.3580645161,217.450103225806,2.50885704488967,15.0242,99164.1,300.009,5.12862274404113,104.03298468
10,2000,8.2474,96509.6,98.4635,0.381820636342511,11.8148461290323,97864.8580645161,228.688887096774,3.02639685138551,14.4653,98808.6,313.828,5.56242619813513,128.36138293
10,2001,8.49034,96221.9,117.824,0.704065379263012,12.7538787096774,97395.6612903226,202.917612903226,2.82853808905145,15.1473,99356.2,265.809,4.79548402865196,322.514137
10,2002,6.89519,96445.8,174.568,1.11237437629109,10.5585903225806,97511.9774193548,245.509161290323,3.34406422056241,12.8836,99119,321.886,5.0024555632709,110.33345812
10,2003,6.23418,96083.8,96.5125,0.140595283595005,11.1370641935484,97721.0903225806,220.339790322581,2.4189308173191,14.2266,98984.3,293.298,5.15351013667229,289.9832542
10,2004,7.6315,96229.7,127.626,0.620602026744999,11.8403887096774,97643.6096774194,214.380774193548,2.85509159330857,15.3046,98706.8,307.475,4.85232006660731,334.970727
10,2005,9.0514,95507.2,61.2046,0.0374910969144198,11.7161819354839,97670.1387096774,204.234212903226,2.00595375163273,13.3977,99305.6,277.542,5.54396764658859,284.217896
10,2006,7.59427,96591,118.49,1.36171610338949,11.4289529032258,97702.1709677419,227.787709677419,3.45236282708936,15.3722,98772.2,306.698,5.44177420506401,138.468973
10,2007,7.20543,96051.3,132.529,0.923611716859417,11.4457274193548,97539.6451612903,240.454258064516,3.69148355660971,14.0288,99316,333.221,5.8005037257121,139.6406044
10,2008,8.63382,96120.6,103.598,0.748529442339445,11.630434516129,97915.4741935484,219.848225806452,3.23618194181934,13.8353,99286.2,283.045,4.89836659302874,186.94359519
10,2009,5.79321,95713.8,100.233,0.75471228504974,10.2757393548387,97306.6516129032,221.518451612903,2.84622917192545,13.2384,98256.9,293.348,4.5486414572815,230.5465435
10,2010,6.86013,96688.6,128.601,0.418107771872277,11.1932296774194,98315.6935483871,234.751806451613,2.64297435416977,13.7055,99465,305.251,6.96269871888767,96.5248178
10,2011,9.2323,96678.1,81.5247,0.698421395013068,11.957425483871,97818.1709677419,199.410829032258,2.44144870035406,15.0536,98829.1,301.884,5.05020267763582,456.947788
10,2012,7.39752,96213.7,165.968,0.447035587152746,11.1025477419355,97275.0419354839,237.767161290323,3.3570142301001,14.0631,98201.1,326.214,6.29586262223089,113.21491817
10,2013,8.92162,95671.2,160.707,1.06670815137037,12.3448816129032,97508.6193548387,235.130870967742,3.10636331760106,14.343,98709.4,296.688,6.00289347875672,86.730821
10,2014,7.32786,96036.3,119.437,0.546648426404037,11.454004516129,97610.1967741936,221.166451612903,2.93214618495865,13.7692,98823.3,321.176,6.38459372904807,113.861694
10,2015,9.0604,96680,133.204,0.290284344833975,12.1720819354839,97984.1290322581,233.687161290323,2.77105757312291,14.6457,98800.9,291.175,5.10288403559879,68.04642925
10,2016,8.86243,95929,119.16,0.840521669213828,12.1339541935484,97391.4516129032,228.490967741935,2.96101777018642,15.2892,98237.3,312.579,4.59929465535749,141.40311132
10,2017,9.19268,95926.6,74.6971,0.722868269925441,11.9555341935484,97811.835483871,204.40264516129,3.09353957787671,13.836,99104.5,286.78,4.93498091916271,250.31523943
10,2018,7.71252,95572.6,141.309,0.717035441503417,12.206424516129,98007.5677419355,241.007,2.15066084405149,15.2915,99177.3,317.885,3.94349440496624,109.20541906
10,2019,7.48333,95658.3,108.811,0.543427714899599,11.5573819354839,97457.9580645161,213.16764516129,3.20144792027114,15.0104,98469.3,314.787,5.84064306421819,169.8764846
10,2020,7.55986,97615.2,106.925,0.449095726297646,12.7467048387097,98663.1322580645,196.359967741935,1.98079667504509,15.2384,99624.2,285.396,3.96421847107346,93.9949096
10,2021,9.13491,96492.4,96.6306,0.596567511375075,12.3003867741935,98017.4225806452,208.472083870968,2.524804036221,15.2615,99425.8,291.407,4.60188482028831,281.45956686
10,2022,5.84269,96451.9,97.9325,0.362629629139705,12.0273948387097,98246.8709677419,212.996338709677,2.31073852679239,15.6206,100271,324.896,3.94661632475213,192.37974083
11,1980,9.55124,95502,142.037,1.34074929466176,13.0317,96971.27,264.6457,3.6244044749531,17.3957,97797.7,365.105,5.69447556477328,206.546295
11,1981,10.4189,96502.4,118.202,0.941365791407888,13.1808266666667,97677.1266666667,242.488166666667,2.78480601410759,16.0318,99073.2,327.844,5.54941864419148,319.51256719
11,1982,9.16527,96877.6,211.546,1.21083795511043,14.556289,97777.6266666667,284.825133333333,3.61415379410381,17.9496,98321.7,342.032,6.08390356197401,49.77537868
11,1983,10.9973,97266.7,71.0496,0.283606636010161,13.3444133333333,97894.22,256.088186666667,2.11855421363907,15.5934,98416.9,346.313,4.17814293374461,155.1206875
11,1984,11.8983,96842.6,70.8614,0.785767395722704,14.55339,97964.0066666667,249.613346666667,2.71288554461405,17.298,98881.7,330.271,5.22122045234637,274.7993961
11,1985,9.16399,96157.7,178.55,0.837028307185008,13.0057816666667,97699.3266666667,258.963433333333,2.40822987847552,15.1062,99351.8,348.559,5.2279661276638,336.01307965
11,1986,11.3586,96215,160.338,0.201075491833291,13.2933833333333,97415.1433333333,271.552266666667,2.57187730058937,16.3994,98301.9,377.278,4.60949167735717,126.8066773
11,1987,11.0641,95956.1,146.515,0.445601962564125,13.6752766666667,97283.7566666667,261.404966666667,2.89803587862705,15.539,98280.6,330.295,4.48851935292698,283.0644735
11,1988,10.0775,96758.6,77.1877,0.323721524624174,14.2543366666667,97842.3866666667,265.11169,3.17998934481705,17.6502,99401.3,368.952,5.70147197240327,288.37757072
11,1989,11.3709,96383.6,150.609,0.52751426459765,14.0158833333333,97721.67,255.232733333333,2.83521641591728,15.9021,99095.3,338.527,6.23077449973115,180.61669188
11,1990,11.7587,96342.5,112.877,0.536059540053155,13.97928,97524.0666666667,260.8808,2.51682060001814,16.0514,98694,341.293,5.22095228674808,337.14914957
11,1991,9.62272,96061.7,171.659,0.492608402560289,11.838314,96944.4066666667,267.9812,3.18763723543336,13.8141,97818.3,349.63,5.81819900720146,101.07000197
11,1992,10.3918,96526.1,152.098,0.639204495135946,13.55943,97675.6,239.8054,2.88214687634986,16.5771,98990.3,322.796,5.65613266133318,196.4812714
11,1993,9.77985,96125.1,143.492,0.888113496563362,11.9217893333333,97308.2066666667,249.608433333333,2.65137192809018,14.7634,98234.9,349.777,4.72250280942892,221.65669352
11,1994,9.26448,97114.5,134.305,0.979671444893644,13.0260693333333,97866.9666666667,271.071566666667,3.54549786749077,15.5424,98758.4,367.341,7.18072219761355,122.8428044
11,1995,9.89402,96252.5,181.544,0.750094011697201,12.8833106666667,97705.6033333333,261.9968,2.72615065054427,15.9027,98714.8,357.961,5.64390813326841,201.9708452
11,1996,9.029,96043.5,181.964,0.506913223275947,12.5400536666667,96943.3066666667,268.984166666667,3.52392813397912,16.1322,98190.9,323.415,6.55112660223415,127.608625
11,1997,9.955,96206.5,156.753,1.26037912525557,13.9745333333333,97570.14,277.4551,3.79180930078244,17.6566,98721,358.605,6.93225589854414,126.54778639
11,1998,10.823,96374.2,94.7911,0.493464054440645,13.73547,97731.21,255.319136666667,2.63569577435441,15.9046,98905.7,343.125,5.85977996161119,179.78485303
11,1999,10.1167,95550.3,57.312,1.06017812941977,13.64993,97538.2633333333,227.929793333333,2.89671785109706,16.3564,98585,353.877,6.20669837079264,565.018995
11,2000,9.89957,96127.2,79.6974,0.530503375320082,12.1219253333333,97265.61,258.081413333333,3.14685653728066,14.4182,98389.2,343.496,6.88214299653821,186.37197054
11,2001,10.1002,96036,72.5659,0.403182552679304,13.5458433333333,97748.2733333333,217.867463333333,2.67072170763276,16.4448,98829,285.662,5.24041943512158,243.549976
11,2002,8.42543,96414.7,215.363,0.393661664610615,12.6320896666667,97433.4333333333,281.495066666667,3.02455662999466,16.4046,98310.5,355.797,5.69311626334725,73.43619229
11,2003,9.47617,95926.3,115.516,0.562339066803259,12.929851,97553.25,264.383566666667,2.91273474186344,16.4011,98845.4,355.833,5.08721902198048,149.65650493
11,2004,9.13252,95948.3,181.122,0.270439153712993,13.4088206666667,97707.9333333333,253.5897,2.69793719477158,15.9603,99231,324.669,6.58589048376907,148.9751329
11,2005,8.39525,96902.2,114.621,0.698623312153982,13.3524883333333,97653.4233333333,269.692633333333,2.86451481909642,16.3526,98390.9,338.11,6.34507679721057,91.7925444
11,2006,7.74334,96083.1,141.818,0.684840814748946,13.5364813333333,97703.5966666667,261.5277,3.61835734134859,16.3203,99324.3,339.156,5.07401208877157,140.30348389
11,2007,10.7909,96057.4,145.516,0.870246466746634,13.96453,97741.7066666667,290.434466666667,2.02985280562172,18.5701,98703.3,373.996,5.31398562994256,69.68201375
11,2008,9.3388,96093.5,183.64,0.233355502944092,13.6307143333333,97746.1933333333,276.711333333333,2.33771284873195,17.0075,98869.6,345.437,5.29210596095959,124.24045982
11,2009,10.5258,96603.2,132.188,0.316859074222279,13.9639766666667,97450.6933333333,264.9752,2.92241495532689,18.7116,98673.2,370.179,4.59686223981576,68.20235055
11,2010,10.0532,97014.2,183.259,0.0875591436244668,14.19525,98216.9533333333,263.969666666667,1.82354158172616,17.5859,99173.2,355.285,3.94631073863792,92.931862
11,2011,9.86061,96534.7,210.208,0.452930784814899,13.6083536666667,97546.6333333333,290.403433333333,3.35900598277819,17.0795,99371.5,365.165,6.28125666561238,107.6578956
11,2012,9.39819,96759.2,169.432,0.390583169546513,12.8747563333333,97616.2166666667,289.555066666667,2.44611482938344,16.8445,98637.5,363.734,4.41339868038227,62.3667647
11,2013,11.4272,96131.3,191.075,0.267721735727602,14.6289466666667,97605.0633333333,283.0969,2.25999944760116,17.7743,98675.3,357.252,4.74234559738111,236.25258305
11,2014,8.81199,95824.1,155.822,0.611579539356902,12.8516203333333,97390.0866666667,266.685733333333,3.43486982139648,18.1502,98353.6,344.066,6.44213172731791,94.6547579
11,2015,8.91242,96521.2,151.488,0.485751468005852,13.6435666666667,97779.0733333333,277.247,2.71570496527288,17.5166,99139.4,372.617,4.90980608440904,158.2739691
11,2016,10.7937,95811.1,121.744,1.27797516789686,13.8759066666667,97093.9366666667,269.7266,3.63753649568519,16.8107,98359.4,368.013,5.58110971361431,237.33343422
11,2017,10.6927,96937.6,121.374,0.727629389841621,13.8031333333333,98203.79,248.020366666667,2.34615058787531,16.7934,99003.3,329.057,5.6083856730792,128.92002803
11,2018,10.0527,96082.3,154.663,0.80593248209636,14.0116866666667,97477.52,249.4152,2.3370646818976,16.3901,98957.8,325.004,5.46496228166307,165.75207291
11,2019,10.9956,96069.1,169.54,0.493563018428245,15.7607833333333,97652.4833333333,286.9078,2.41515916866007,19.2583,98316.5,361.467,4.86276870537763,126.3418748
11,2020,12.357,96383.9,130.725,0.189073858238652,14.7043433333333,97649.0033333333,266.932133333333,2.4144463336052,16.6857,99041,370.442,4.32649423797941,337.1470684
11,2021,11.5154,96644.2,124.618,0.551808529510047,15.6817333333333,98031.35,256.811466666667,2.19320951277242,18.1913,98631,354.738,7.11386287402983,94.323445
11,2022,11.9167,96076.2,156.849,0.596617717384424,14.6886666666667,97479.4533333333,234.6312,2.68944846440264,15.9812,98915.6,293.359,5.52454695948908,372.8012266
12,1980,11.5084,96452,184.228,0.755067203814336,15.2516419354839,97485.4193548387,275.430709677419,2.51513341313025,19.3447,98136.7,366.604,4.79759030265195,266.0651416
12,1981,12.3583,96242,141.34,0.373776126786463,16.4672451612903,97914.1419354839,266.684709677419,2.2056652702865,19.3266,98813,378.273,4.37501689107596,150.435104
12,1982,10.8542,96340.1,153.429,0.620678352342411,14.6689516129032,97529.4387096774,286.400064516129,3.19142210779938,18.1272,98180.7,380.577,6.18574569584985,168.7930819
12,1983,11.8124,96249.5,80.2904,1.20234390769072,14.5745612903226,97436.5709677419,266.992529032258,3.20601925790543,17.1629,98463.2,359.788,6.05450804968496,343.6053815
12,1984,15.5324,96799.2,168.813,0.68763553950185,17.288735483871,97380.6677419355,269.096258064516,2.17454476998655,19.2618,98047.9,378.94,4.13734254733639,298.5789552
12,1985,13.0673,96454,156.565,0.809682356617705,15.7042322580645,97738.6935483871,265.481967741935,2.18684677622636,18.1615,98756.2,339.369,3.87156045878145,227.411724
12,1986,11.551,97059.5,153.622,0.983850884801655,15.1761806451613,97932.635483871,278.205806451613,2.41291296477208,17.7089,98511.4,390.518,4.95867507378342,127.336782
12,1987,12.5613,96341.6,95.9155,0.734134004514162,15.541835483871,97653.2322580645,262.894370967742,2.78770669740734,18.8805,98705.5,336.477,5.36971954113062,264.6714146
12,1988,14.0769,97014.8,76.9519,0.482777363422313,16.4604129032258,98202.1967741936,271.708193548387,2.52254786388282,17.9862,99200.1,371.166,5.84520710791329,262.89673326
12,1989,11.4674,96240.7,167.577,0.757850799428225,15.2972967741935,97741.8451612903,291.379548387097,3.22768769839813,18.0987,98513.8,385.14,5.60108346237583,129.21204021
12,1990,13.8297,96655.4,213.625,0.488961136325782,16.1498903225806,97518.7935483871,306.381612903226,3.25251488025102,19.9665,98467,365.904,5.59804232709971,46.36984919
12,1991,11.0165,96370.5,139.206,0.746088082688633,15.3297677419355,97510.7580645161,287.167193548387,2.53989219819544,18.6873,98608.2,385.594,5.89009890972978,128.8480715
12,1992,10.255,96358.9,107.686,1.16492773713112,14.4505451612903,97602.7451612903,256.693903225806,2.64357680771507,17.0057,98346.8,374.818,4.85778780793274,225.24119045
12,1993,12.4103,96391.9,175.983,0.439872810389549,14.7342129032258,97582.2612903226,288.758258064516,2.34582568040688,18.5364,98978.7,379.431,5.38533292929045,122.12241764
12,1994,13.5843,96738.5,191.474,0.381038658669957,16.1250967741935,97873.7870967742,315.730161290323,2.33337602149807,19.074,98500.7,385.876,5.556568165968,68.89906252
12,1995,13.3802,96190.7,148.381,0.412167604453577,16.7039193548387,97776.035483871,290.422903225806,2.8759047942961,19.8761,98799.7,385.54,6.11701948492074,244.51870157
12,1996,11.2695,96187.8,98.1408,0.266984852791315,14.8891161290323,97583.5225806452,283.93515483871,2.64498970598179,18.8232,99049.8,386.039,4.69110136382971,364.5311944
12,1997,11.8663,97029.9,107.294,0.845239330192934,15.9435193548387,97904.6838709677,295.909129032258,2.39930378596425,19.6818,98667.6,391.01,3.96568638568407,140.84370661
12,1998,12.2112,96583.1,133.625,0.535081045955657,15.8872548387097,97722.8451612903,299.534096774194,2.5910623206382,19.4776,98599.1,384.63,5.23391134925459,200.55362518
12,1999,11.1934,96047.4,164.595,0.177258655996372,14.6900741935484,97578.1709677419,266.505838709677,2.45672967809749,17.7098,98315.6,343.877,5.67518750348392,170.1740939
12,2000,12.5088,96608,138.073,0.17300644634432,15.8622870967742,97586.6935483871,250.279258064516,2.51295234103449,19.7954,98458.6,372.562,5.5676301227093,177.2179146
12,2001,14.1266,96044.7,116.009,0.406895831948424,16.191764516129,97157.764516129,240.960677419355,3.03884775156662,17.808,98624.8,381.485,5.63289637913747,381.0069476
12,2002,13.7547,96528.6,138.082,0.122646226552471,15.5917032258065,97686.2193548387,293.582290322581,2.71283614829992,17.5561,98625.4,368.041,5.46399594701533,206.90822123
12,2003,13.2997,96541.3,125.05,0.408992776413741,16.2851677419355,97779.0451612903,280.549064516129,2.41418940026518,19.0306,98666.1,381.218,4.84666285941461,216.45039774
12,2004,9.57256,95694.9,145.676,1.15651584895712,13.3048922580645,96879.564516129,267.353225806452,3.67329813854667,16.1356,98150.7,356.567,6.60446881806554,337.3915892
12,2005,14.5065,95969.1,173.756,0.927811332485759,16.5366387096774,97371.1129032258,268.362193548387,2.88373239079463,19.6511,98361,345.797,4.98385967484037,255.9750476
12,2006,10.1592,96734.7,126.425,0.143673613995194,14.1054935483871,97591.5580645161,303.943967741935,2.75020427971513,17.2735,98264.2,375.169,4.674770927714,143.79540457
12,2007,12.6858,96978.7,109.777,0.583796863565573,15.8325935483871,98128.2677419355,251.88,2.59887416119669,17.7142,98928.6,383.546,4.94839625374727,188.4822608
12,2008,14.5236,96099.9,196.783,0.223176491063105,16.2524258064516,97391.0451612903,288.836290322581,2.53710170970791,19.3046,98638.6,353.345,4.71502221680874,153.0663124
12,2009,12.0612,97093.6,127.185,0.490238418533024,15.9034806451613,97850.8322580645,296.254419354839,2.59003697531728,19.0726,98765.6,384.234,4.60443658600051,178.91612894
12,2010,12.6502,97227.1,87.0084,0.514650458159711,17.1001193548387,97901.7290322581,262.53675483871,2.59954067670825,19.9009,98435.7,376.88,5.11558712863196,237.31206956
12,2011,11.9232,96618.7,84.5656,1.07569094812404,14.8450806451613,97924.2709677419,210.655567741935,2.82615393374955,17.4593,99096.8,319.96,5.30535088408863,445.710701
12,2012,12.2065,96716.2,155.4,0.895799795427527,16.9322161290323,97842.4774193548,263.978483870968,2.44106457475977,19.9958,98591.5,378.964,4.93096225515304,151.36283242
12,2013,13.9797,96797.5,109.953,0.705694738645266,16.2605677419355,97529.8612903226,284.22264516129,2.41019683907054,18.3392,98512.4,390.699,4.34586412719036,254.9121863
12,2014,10.1689,97183.1,129.327,0.406374707012887,15.558064516129,98075.9193548387,261.234032258065,2.46010542692309,17.8976,98867.4,372.427,4.97039371096496,242.878511
12,2015,12.796,96457.3,152.366,0.348200490930671,16.0834,97687.4483870968,300.834,2.65890923287477,19.4275,99179.1,382.154,4.69465679053326,55.1845067
12,2016,13.0078,96654.1,136.641,0.480970249377235,15.5944612903226,97620.0774193548,293.845032258065,2.70589128952246,17.6345,98421.6,385.664,5.1026278424063,96.91825797
12,2017,13.1512,96753.6,167.243,0.527608058704565,17.3114419354839,97720.1451612903,294.191129032258,2.16652152574194,19.4153,99067.7,385.785,4.31023728786479,79.8535939
12,2018,11.9551,96328.3,118.258,0.317297962793649,16.7349258064516,97569.4290322581,272.906741935484,2.09378755063163,19.9994,98773.2,370.17,4.3984264951571,317.03611583
12,2019,13.2155,96111.8,181.56,0.292052083158124,16.5826612903226,97477.3709677419,294.600129032258,2.76359387848751,18.6159,98091.5,388.442,5.15840693370783,234.5273065
12,2020,12.1711,96706.1,194.657,0.544271572516882,16.3570580645161,97860.9774193548,315.609483870968,2.51892384234172,19.4888,98670.6,392.121,4.45715021363427,78.26050435
12,2021,15.6515,95991.2,84.3174,0.397772833888892,18.3003806451613,97801.9419354839,282.787277419355,2.2260189017646,21.4143,98767.9,383.485,4.79699591370474,210.78505518
12,2022,12.6868,96803.7,55.957,0.251025144975558,16.5949833333333,97790.79,246.1715,2.06482414050034,19.3223,98751.1,371.699,4.36437176478826,280.3426132
