"date","hydroyear_label","hydroyear","chl_mgm3","secchi_m","TN_mgm3","TP_mgm3","tli_annual","month","tli_monthly","decade"
1990-07-26,"1990-1991",1991,2.1,6.7,234,14,3.80631069652784,7,3.33241878656268,1990
1990-09-27,"1990-1991",1991,1.3,4.47,236,9,3.80631069652784,9,3.19541534330968,1990
1990-11-20,"1990-1991",1991,3.3,3.8,334,21,3.80631069652784,11,3.88555789193638,1990
1991-01-23,"1990-1991",1991,4.3,3.35,336,26,3.80631069652784,1,4.06728328694561,1990
1991-03-22,"1990-1991",1991,3.5,4.47,302,38,3.80631069652784,3,4.00577845873708,1990
1991-05-22,"1990-1991",1991,1.1,4.35,309,57,3.80631069652784,5,3.83124844132201,1990
1991-09-19,"1991-1992",1992,1.74,3.68,243,16,3.62115041610143,9,3.52887980028192,1990
1991-11-21,"1991-1992",1992,2.6,4.8,294,23,3.62115041610143,11,3.73310769499294,1990
1992-01-15,"1991-1992",1992,0.5,4.41,388,25,3.62115041610143,1,3.42257714727883,1990
1992-04-01,"1991-1992",1992,2.6,5.47,352,38,3.62115041610143,4,3.90882047520627,1990
1992-06-11,"1991-1992",1992,0.5,8.04,278,27,3.62115041610143,6,3.13812418438539,1990
1992-09-01,"1992-1993",1993,1.83,4.69,334,11,4.93099413778163,9,3.56880337196621,1990
1992-10-01,"1992-1993",1993,1.59,3.96,307,24,4.93099413778163,10,3.68608225122435,1990
1992-11-26,"1992-1993",1993,15.57,1.67,771,29,4.93099413778163,11,4.93735775883656,1990
1993-01-19,"1992-1993",1993,4.6,3.24,373,25,4.93099413778163,1,4.1178591511511,1990
1993-02-25,"1992-1993",1993,24.65,1.12,1035,33,4.93099413778163,2,5.31805289329092,1990
1993-10-12,"1993-1994",1994,4,3.35,354,30,4.67227570404187,10,4.10976153251104,1990
1993-12-01,"1993-1994",1994,10.1,2.46,505,41,4.67227570404187,12,4.67427751019677,1990
1994-02-18,"1993-1994",1994,11,1.62,495,46,4.67227570404187,2,4.85193246134429,1990
1994-04-27,"1993-1994",1994,21,1.67,581.5,55.5,4.67227570404187,4,5.13346232533783,1990
1994-06-02,"1993-1994",1994,5.3,1.9,369,41,4.67227570404187,6,4.47100713234324,1990
1994-09-06,"1994-1995",1995,5.02,1.45,319,29,4.71714710606465,9,4.37828754058948,1990
1994-10-20,"1994-1995",1995,5.84,1.12,321,26,4.71714710606465,10,4.4627390962862,1990
1994-12-19,"1994-1995",1995,19.1,1.56,577,38,4.71714710606465,12,5.00472222618642,1990
1995-02-21,"1994-1995",1995,8.7,2.34,428,94,4.71714710606465,2,4.85713239823567,1990
1995-05-11,"1994-1995",1995,12.77,2.34,352,28,4.71714710606465,5,4.51512284042203,1990
1995-07-25,"1995-1996",1996,7.28,2.79,400,18,4.46172073900635,7,4.20879955708647,1990
1995-10-31,"1995-1996",1996,4.82,2.9,399,31,4.46172073900635,10,4.25485635803725,1990
1995-12-07,"1995-1996",1996,7.68,3.29,372.5,27,4.46172073900635,12,4.4324610866991,1990
1996-01-19,"1995-1996",1996,4.56,3.46,429,44,4.46172073900635,1,4.48511575870036,1990
1996-02-09,"1995-1996",1996,7.26,2.79,485,47,4.46172073900635,2,4.51081021240072,1990
1996-03-28,"1995-1996",1996,6.98,2.96,381,48,4.46172073900635,3,4.47425787000074,1990
1996-06-18,"1995-1996",1996,15.7,2.87,375,23,4.46172073900635,6,4.46877511829455,1990
1996-07-25,"1996-1997",1997,9.7,3.07,351,30,4.4034383711782,7,4.37805978389474,1990
1996-09-09,"1996-1997",1997,5.01,4.69,257,13,4.4034383711782,9,3.64252056672064,1990
1996-10-31,"1996-1997",1997,3.14,6.03,250,16,4.4034383711782,10,3.54267462860227,1990
1996-12-03,"1996-1997",1997,6.2,3.06,369,29,4.4034383711782,12,4.52706513946239,1990
1997-01-14,"1996-1997",1997,6.54,4.41,557,63,4.4034383711782,1,4.54280562034048,1990
1997-02-27,"1996-1997",1997,8.7,2.23,527,53,4.4034383711782,2,4.75788698296225,1990
1997-05-07,"1996-1997",1997,9.92,2.72,409,69,4.4034383711782,5,4.73511709273948,1990
1997-06-26,"1996-1997",1997,16.5,2.74,348,30,4.4034383711782,6,4.5563701942587,1990
1997-08-18,"1997-1998",1998,11.7,3.53,393,29,4.67710695840694,8,4.41299464812126,1990
1997-10-30,"1997-1998",1998,4.85,3.57,321,13,4.67710695840694,10,3.84614481455224,1990
1998-02-02,"1997-1998",1998,17.54,2.89,726,59,4.67710695840694,2,5.01178209278143,1990
1998-05-06,"1997-1998",1998,19.65,2.01,711,28,4.67710695840694,5,4.90911106879481,1990
1998-06-23,"1997-1998",1998,17.33,2.67,575,39,4.67710695840694,6,4.82503068278358,1990
1998-09-02,"1998-1999",1999,5.32,3.06,441,22,4.55529663401298,9,4.17760269583832,1990
1998-12-21,"1998-1999",1999,10.4,2.11,403,28,4.55529663401298,12,4.67047700519794,1990
1998-09-01,"1998/99",1999,5.4200001,3.06,499.00001,17.000001,4.55529663401298,9,4.17760269583832,1990
1998-12-01,"1998/99",1999,18.4,2.11,633.99998,39.000001,4.55529663401298,12,4.67047700519794,1990
1999-04-01,"1998/99",1999,13.94,2.7,552.99999,43.000001,4.55529663401298,4,4.77982479629108,1990
1999-06-01,"1998/99",1999,8.8699999,2.46,473.0000102,28.000001,4.55529663401298,6,4.58110301955292,1990
1999-09-01,"1999/00",2000,9.5,3.2157209,274.49999002,18.999999,4.64765734589512,9,4.13295824814928,1990
2000-02-01,"1999/00",2000,23.92,NA,735.99998,54.000001,4.64765734589512,2,NA,2000
2000-04-01,"1999/00",2000,12.22,NA,614.0000196,44,4.64765734589512,4,NA,2000
2000-05-01,"1999/00",2000,17.25,NA,435.0000001,37.999999,4.64765734589512,5,NA,2000
2000-06-01,"1999/00",2000,13.9,NA,398.0000002,18.999999,4.64765734589512,6,NA,2000
1990-07-25 12:00:00,"1990-1991",1991,2.1,6.7,234,14,3.80631069652784,7,3.33241878656268,1990
1990-09-26 12:00:00,"1990-1991",1991,1.3,4.47,236,9,3.80631069652784,9,3.19541534330968,1990
1990-11-19 11:00:00,"1990-1991",1991,3.3,3.8,334,21,3.80631069652784,11,3.88555789193638,1990
1991-01-22 11:00:00,"1990-1991",1991,4.3,3.35,336,26,3.80631069652784,1,4.06728328694561,1990
1991-03-21 12:00:00,"1990-1991",1991,3.5,4.47,302,38,3.80631069652784,3,4.00577845873708,1990
1991-05-21 12:00:00,"1990-1991",1991,1.1,4.35,309,57,3.80631069652784,5,3.83124844132201,1990
1991-09-18 12:00:00,"1991-1992",1992,1.74,3.68,243,16,3.62115041610143,9,3.52887980028192,1990
1991-11-20 11:00:00,"1991-1992",1992,2.6,4.8,294,23,3.62115041610143,11,3.73310769499294,1990
1992-01-14 11:00:00,"1991-1992",1992,0.5,4.41,388,25,3.62115041610143,1,3.42257714727883,1990
1992-03-31 12:00:00,"1991-1992",1992,2.6,5.47,352,38,3.62115041610143,3,3.90882047520627,1990
1992-06-10 12:00:00,"1991-1992",1992,0.5,8.04,278,27,3.62115041610143,6,3.13812418438539,1990
1992-08-31 12:00:00,"1992-1993",1993,1.83,4.69,334,11,4.93099413778163,8,3.45152449270806,1990
1992-09-30 12:00:00,"1992-1993",1993,1.59,3.96,307,24,4.93099413778163,9,3.56880337196621,1990
1992-11-25 11:00:00,"1992-1993",1993,15.57,1.67,771,29,4.93099413778163,11,4.93735775883656,1990
1993-01-18 11:00:00,"1992-1993",1993,4.6,3.24,373,25,4.93099413778163,1,4.1178591511511,1990
1993-02-24 11:00:00,"1992-1993",1993,24.65,1.12,1035,33,4.93099413778163,2,5.31805289329092,1990
1993-03-21 12:00:00,"1992-1993",1993,NA,0.84,1335,73,4.93099413778163,3,NA,1990
1993-04-25 12:00:00,"1992-1993",1993,197.68,0.33,1569,NA,4.93099413778163,4,NA,1990
1993-06-08 12:00:00,"1992-1993",1993,2.26,5.47,NA,82,4.93099413778163,6,NA,1990
1993-08-10 12:00:00,"1993-1994",1994,NA,4.8,603,40,4.67227570404187,8,NA,1990
1993-10-11 11:00:00,"1993-1994",1994,4,3.35,354,30,4.67227570404187,10,4.10976153251104,1990
1993-11-30 11:00:00,"1993-1994",1994,10.1,2.46,505,41,4.67227570404187,11,4.67427751019677,1990
1994-02-17 11:00:00,"1993-1994",1994,11,1.62,495,46,4.67227570404187,2,4.85193246134429,1990
1994-04-26 12:00:00,"1993-1994",1994,21,1.67,581.5,55.5,4.67227570404187,4,5.13346232533783,1990
1994-06-01 12:00:00,"1993-1994",1994,5.3,1.9,369,41,4.67227570404187,6,4.47100713234324,1990
1994-09-05 12:00:00,"1994-1995",1995,5.02,1.45,319,29,4.71714710606465,9,4.37828754058948,1990
1994-10-19 11:00:00,"1994-1995",1995,5.84,1.12,321,26,4.71714710606465,10,4.4627390962862,1990
1994-12-18 11:00:00,"1994-1995",1995,19.1,1.56,577,38,4.71714710606465,12,5.00472222618642,1990
1995-02-20 11:00:00,"1994-1995",1995,8.7,2.34,428,94,4.71714710606465,2,4.85713239823567,1990
1995-05-10 12:00:00,"1994-1995",1995,12.77,2.34,352,28,4.71714710606465,5,4.51512284042203,1990
1995-07-24 12:00:00,"1995-1996",1996,7.28,2.79,400,18,4.46172073900635,7,4.20879955708647,1990
1995-10-30 11:00:00,"1995-1996",1996,4.82,2.9,399,31,4.46172073900635,10,4.25485635803725,1990
1995-12-06 11:00:00,"1995-1996",1996,7.68,3.29,372.5,27,4.46172073900635,12,4.4324610866991,1990
1995-12-13 11:00:00,"1995-1996",1996,8.38,2.01,427,48,4.46172073900635,12,4.4324610866991,1990
1995-12-19 11:00:00,"1995-1996",1996,5.96,2.68,406,50,4.46172073900635,12,4.4324610866991,1990
1996-01-18 11:00:00,"1995-1996",1996,4.56,3.46,429,44,4.46172073900635,1,4.48511575870036,1990
1996-01-23 11:00:00,"1995-1996",1996,4.9,3.35,390,45,4.46172073900635,1,4.48511575870036,1990
1996-01-30 11:00:00,"1995-1996",1996,12.72,1.95,508,69,4.46172073900635,1,4.48511575870036,1990
1996-02-08 11:00:00,"1995-1996",1996,7.26,2.79,485,47,4.46172073900635,2,4.51081021240072,1990
1996-02-23 11:00:00,"1995-1996",1996,4.9,NA,390,45,4.46172073900635,2,4.51081021240072,1990
1996-03-27 12:00:00,"1995-1996",1996,6.98,2.96,381,48,4.46172073900635,3,4.47425787000074,1990
1996-06-17 12:00:00,"1995-1996",1996,15.7,2.87,375,23,4.46172073900635,6,4.46877511829455,1990
1996-07-24 12:00:00,"1996-1997",1997,9.7,3.07,351,30,4.4034383711782,7,4.37805978389474,1990
1996-09-08 12:00:00,"1996-1997",1997,5.01,4.69,257,13,4.4034383711782,9,3.64252056672064,1990
1996-09-24 12:00:00,"1996-1997",1997,4.01,6.14,267,12,4.4034383711782,9,3.64252056672064,1990
1996-10-30 11:00:00,"1996-1997",1997,3.14,6.03,250,16,4.4034383711782,10,3.54267462860227,1990
1996-12-02 11:00:00,"1996-1997",1997,6.2,3.06,369,29,4.4034383711782,12,4.52706513946239,1990
1996-12-15 11:00:00,"1996-1997",1997,27.9,2.12,727,34,4.4034383711782,12,4.52706513946239,1990
1997-01-13 11:00:00,"1996-1997",1997,6.54,4.41,557,63,4.4034383711782,1,4.54280562034048,1990
1997-02-26 11:00:00,"1996-1997",1997,8.7,2.23,527,53,4.4034383711782,2,4.75788698296225,1990
1997-05-06 12:00:00,"1996-1997",1997,9.92,2.72,409,69,4.4034383711782,5,4.73511709273948,1990
1997-06-25 12:00:00,"1996-1997",1997,16.5,2.74,348,30,4.4034383711782,6,4.5563701942587,1990
1997-08-17 12:00:00,"1997-1998",1998,11.7,3.53,393,29,4.67710695840694,8,4.41299464812126,1990
1997-10-29 11:00:00,"1997-1998",1998,4.85,3.57,321,13,4.67710695840694,10,3.84614481455224,1990
1998-02-01 11:00:00,"1997-1998",1998,17.54,2.89,726,59,4.67710695840694,2,5.01178209278143,1990
1998-05-05 12:00:00,"1997-1998",1998,19.65,2.01,711,28,4.67710695840694,5,4.90911106879481,1990
1998-06-22 12:00:00,"1997-1998",1998,17.33,2.67,575,39,4.67710695840694,6,4.82503068278358,1990
1998-09-01 12:00:00,"1998-1999",1999,5.32,3.06,441,22,4.55529663401298,9,4.17760269583832,1990
1998-12-20 11:00:00,"1998-1999",1999,10.4,2.11,403,28,4.55529663401298,12,4.67047700519794,1990
1999-03-31 12:00:00,"1998-1999",1999,11.64,2.7,550,40,4.55529663401298,3,4.70539215962227,1990
1999-06-09 12:00:00,"1998-1999",1999,8.65,2.46,620,37,4.55529663401298,6,4.58110301955292,1990
1999-08-31 12:00:00,"1999-2000",2000,9.5,3.2157209,274.49999002,18.999999,4.64765734589512,8,4.13295824814928,1990
2000-01-31 11:00:00,"1999-2000",2000,23.92,NA,735.99998,54.000001,4.64765734589512,1,NA,2000
2000-03-31 12:00:00,"1999-2000",2000,12.22,NA,614.0000196,44,4.64765734589512,3,NA,2000
2000-04-30 12:00:00,"1999-2000",2000,17.25,NA,435.0000001,37.999999,4.64765734589512,4,NA,2000
2000-05-31 12:00:00,"1999-2000",2000,13.9,NA,398.0000002,18.999999,4.64765734589512,5,NA,2000
2000-07-10 12:00:00,"2000-2001",2001,9.9,2.8,411,20,4.71080026345999,7,4.33475741255351,2000
2000-08-22 12:00:00,"2000-2001",2001,6.7,2.8,495,18,4.71080026345999,8,4.25445803682556,2000
2000-09-27 12:00:00,"2000-2001",2001,7,3,501,28.5,4.71080026345999,9,4.39516520264296,2000
2000-10-24 11:00:00,"2000-2001",2001,6.9,1.4,415,19,4.71080026345999,10,4.42820002457218,2000
2000-11-27 11:00:00,"2000-2001",2001,17.1,1.3,557,30.5,4.71080026345999,11,4.94635740109008,2000
2000-12-14 11:00:00,"2000-2001",2001,21.5,1.4,551.25,26,4.71080026345999,12,4.93385331991083,2000
2001-01-17 11:00:00,"2000-2001",2001,18.3,1.7,613.5,51.5,4.71080026345999,1,5.08405459071437,2000
2001-02-13 11:00:00,"2000-2001",2001,12.6,2.4,520.5,46.5,4.71080026345999,2,4.79247835170611,2000
2001-03-20 12:00:00,"2000-2001",2001,17,2,520,59,4.71080026345999,3,5.00470039591532,2000
2001-04-17 12:00:00,"2000-2001",2001,10.9,2.2,391,54.5,4.71080026345999,4,4.73540421579122,2000
2001-05-21 12:00:00,"2000-2001",2001,16.5,2.6,474.5,48,4.71080026345999,5,4.82257103186051,2000
2001-06-20 12:00:00,"2000-2001",2001,7.4,3.4,408,30.5,4.71080026345999,6,4.32648521254318,2000
2001-07-18 12:00:00,"2001-2002",2002,12.7,3,350.5,14,4.74736105306305,7,4.2173298763475,2000
2001-08-21 12:00:00,"2001-2002",2002,8.6,2.4,409,21,4.74736105306305,8,4.35634418869821,2000
2001-09-17 12:00:00,"2001-2002",2002,8,2.3,449,23,4.74736105306305,9,4.40849862349688,2000
2001-10-15 11:00:00,"2001-2002",2002,17.7,2.6,379,24,4.74736105306305,10,4.5487381069763,2000
2001-11-19 11:00:00,"2001-2002",2002,23,1.8,466.5,32,4.74736105306305,11,4.88984258843908,2000
2001-12-09 11:00:00,"2001-2002",2002,10.2,1.8,479,51,4.74736105306305,12,4.82201487467706,2000
2002-01-21 11:00:00,"2001-2002",2002,25,1.8,714,63,4.74736105306305,1,5.26669347418172,2000
2002-02-11 11:00:00,"2001-2002",2002,20.9,1.5,613,45,4.74736105306305,2,5.11445319524278,2000
2002-03-18 12:00:00,"2001-2002",2002,17.2,1.9,552,34,4.74736105306305,3,4.867921728425,2000
2002-04-15 12:00:00,"2001-2002",2002,10.7,1.9,401,25,4.74736105306305,4,4.53509344476402,2000
2002-05-21 12:00:00,"2001-2002",2002,8.2,2.2,439,40,4.74736105306305,5,4.59668607441186,2000
2002-06-09 12:00:00,"2001-2002",2002,12.2,2.2,573,36,4.74736105306305,6,4.75990660406563,2000
2002-07-23 12:00:00,"2002-2003",2003,24.6,2.3,401,17,4.57437429305623,7,4.58549743587263,2000
2002-08-19 12:00:00,"2002-2003",2003,10.2,2.7,326,22,4.57437429305623,8,4.30851120972928,2000
2002-09-23 12:00:00,"2002-2003",2003,13.2,2.7,461,31,4.57437429305623,9,4.60157872877957,2000
2002-10-22 11:00:00,"2002-2003",2003,2.8,3.4,363,24,4.57437429305623,10,3.94429170675718,2000
2002-11-20 11:00:00,"2002-2003",2003,18.8,2.4,337.5,13,4.57437429305623,11,4.35719069651189,2000
2002-12-16 11:00:00,"2002-2003",2003,16.2,1.8,328.5,35,4.57437429305623,12,4.70697963867915,2000
2003-01-20 11:00:00,"2002-2003",2003,13.3,1.9,425.5,39,4.57437429305623,1,4.75544227657659,2000
2003-02-19 11:00:00,"2002-2003",2003,13.5,2,377,29,4.57437429305623,2,4.61086019374659,2000
2003-03-20 12:00:00,"2002-2003",2003,8.4,2.4,665,41,4.57437429305623,3,4.72081864787255,2000
2003-04-14 12:00:00,"2002-2003",2003,5.6,2.8,607,33,4.57437429305623,4,4.46382525948154,2000
2003-05-27 12:00:00,"2002-2003",2003,13,3.2,548,24,4.57437429305623,5,4.52095520729047,2000
2003-06-16 12:00:00,"2002-2003",2003,21,2.8,473,23,4.57437429305623,6,4.6323647770417,2000
2003-07-30 12:00:00,"2003-2004",2004,21.1,2.1,428,29,4.42087312376679,7,4.76096528430171,2000
2003-08-18 12:00:00,"2003-2004",2004,11.8,2.6,338,22,4.42087312376679,8,4.37191831948464,2000
2003-09-16 12:00:00,"2003-2004",2004,12.7,2.3,381,32,4.42087312376679,9,4.58698068103562,2000
2003-10-20 11:00:00,"2003-2004",2004,6.5,3.5,240,19,4.42087312376679,10,3.95830620825762,2000
2003-11-17 11:00:00,"2003-2004",2004,8.3,2.6,385,19,4.42087312376679,11,4.27095878719562,2000
2003-12-15 11:00:00,"2003-2004",2004,6.8,3.2,454,22,4.42087312376679,12,4.25316084771031,2000
2004-01-18 11:00:00,"2003-2004",2004,5.4,4.1,338,36,4.42087312376679,1,4.17234357035154,2000
2004-02-17 11:00:00,"2003-2004",2004,6.7,2,549,53,4.42087312376679,2,4.73165791997846,2000
2004-03-29 12:00:00,"2003-2004",2004,16.2,2.7,427,22,4.42087312376679,3,4.52429286680024,2000
2004-04-20 12:00:00,"2003-2004",2004,4.8,2.8,366.5,28,4.42087312376679,4,4.20434041398124,2000
2004-05-17 12:00:00,"2003-2004",2004,12.2,2.8,387.5,22,4.42087312376679,5,4.40334270506514,2000
2004-06-14 12:00:00,"2003-2004",2004,8.3,2.6,301,27,4.42087312376679,6,4.30192629531534,2000
2004-07-27 12:00:00,"2004-2005",2005,7.1,2.7,337,22,4.61268850573671,7,4.21944440845163,2000
2004-08-24 12:00:00,"2004-2005",2005,10,2.9,363,13,4.61268850573671,8,4.14970373077595,2000
2004-10-05 11:00:00,"2004-2005",2005,64,2.6,387,29,4.61268850573671,10,4.53079712902886,2000
2004-10-18 11:00:00,"2004-2005",2005,6.3,3.3,304,22,4.61268850573671,10,4.53079712902886,2000
2004-11-16 11:00:00,"2004-2005",2005,4.7,5.1,279,26,4.61268850573671,11,3.89860676546789,2000
2004-12-14 11:00:00,"2004-2005",2005,7.5,4.5,338,38,4.61268850573671,12,4.2506370459116,2000
2005-01-17 11:00:00,"2004-2005",2005,8.4,2.8,397,50,4.61268850573671,1,4.56861650234145,2000
2005-02-21 11:00:00,"2004-2005",2005,19.5,1.5,654,84,4.61268850573671,2,5.31436927408554,2000
2005-03-21 12:00:00,"2004-2005",2005,7.2,1.3,523,63,4.61268850573671,3,4.91720721110727,2000
2005-04-18 12:00:00,"2004-2005",2005,8.7,3.4,606,49,4.61268850573671,4,4.65071092858449,2000
2005-05-24 12:00:00,"2004-2005",2005,9.1,2.2,416,31,4.61268850573671,5,4.52700898491612,2000
2005-06-20 12:00:00,"2004-2005",2005,6.8,3.5,461,35,4.61268850573671,6,4.37775491700573,2000
2005-07-19 12:00:00,"2005-2006",2006,8.7,2.7,408,26.5,4.46753292509662,7,4.39697128572096,2000
2005-08-22 12:00:00,"2005-2006",2006,4.1,3.8,355,18,4.46753292509662,8,3.91647575209886,2000
2005-09-22 12:00:00,"2005-2006",2006,2.8,4.4,347,16,4.46753292509662,9,3.72041013162444,2000
2005-10-25 11:00:00,"2005-2006",2006,3.4,5.1,339,48,4.46753292509662,10,4.06734740720046,2000
2005-11-14 11:00:00,"2005-2006",2006,4.4,3.3,344,21,4.46753292509662,11,4.01823264923962,2000
2005-12-12 11:00:00,"2005-2006",2006,5.5,2.3,325.5,20,4.46753292509662,12,4.15573661668313,2000
2006-01-30 11:00:00,"2005-2006",2006,13.7,1.1,680,33,4.46753292509662,1,5.02401869421231,2000
2006-02-21 11:00:00,"2005-2006",2006,13.9,1.8,809,59,4.46753292509662,2,5.12484269238564,2000
2006-03-21 12:00:00,"2005-2006",2006,9,1.8,465,44,4.46753292509662,3,4.73099785759086,2000
2006-04-17 12:00:00,"2005-2006",2006,12.3,2.4,715,50,4.46753292509662,4,4.91259894311189,2000
2006-05-22 12:00:00,"2005-2006",2006,9.7,2.4,364,34,4.46753292509662,5,4.50420424962309,2000
2006-06-21 12:00:00,"2005-2006",2006,8.2,2.6,297,29,4.46753292509662,6,4.31686643372721,2000
2006-07-17 12:00:00,"2006-2007",2007,4.5,4.2,200.5,22,4.71408438388945,7,3.7876725061038,2000
2006-08-16 12:00:00,"2006-2007",2007,14.6,3.1,356,23.5,4.71408438388945,8,4.41505276900401,2000
2006-09-18 12:00:00,"2006-2007",2007,5.9,3,323,25,4.71408438388945,9,4.1630254424901,2000
2006-10-30 11:00:00,"2006-2007",2007,6.5,3.4,120,44,4.71408438388945,10,4.00696673801969,2000
2006-11-12 11:00:00,"2006-2007",2007,8.7,3.7,368,61,4.71408438388945,11,4.53095517978926,2000
2006-12-13 11:00:00,"2006-2007",2007,10,2.4,356,60,4.71408438388945,12,4.68541233398191,2000
2007-01-16 11:00:00,"2006-2007",2007,19.1,0.6,414,74,4.71408438388945,1,5.38422333737348,2000
2007-02-25 11:00:00,"2006-2007",2007,18.9,1.4,603.5,100,4.71408438388945,2,5.35497242514373,2000
2007-03-19 12:00:00,"2006-2007",2007,18.4,2.2,769.5,118,4.71408438388945,3,5.34596110562716,2000
2007-04-22 12:00:00,"2006-2007",2007,12.85,2.45,630,66,4.71408438388945,4,4.96512383514913,2000
2007-05-21 12:00:00,"2006-2007",2007,7.3,2.7,489,44,4.71408438388945,5,4.56852068611106,2000
2007-06-19 12:00:00,"2006-2007",2007,7.7,4,518,36,4.71408438388945,6,4.41747421702532,2000
2007-07-23 12:00:00,"2007-2008",2008,12.1,2.8,337,24,4.47971752265815,7,4.38302561319372,2000
2007-08-20 12:00:00,"2007-2008",2008,18.5,2.1,406,32,4.47971752265815,8,4.73866332251531,2000
2007-09-17 12:00:00,"2007-2008",2008,10.4,2.3,332,26,4.47971752265815,9,4.42106291231986,2000
2007-10-15 11:00:00,"2007-2008",2008,24.1,1.8,344,20,4.47971752265815,10,4.65416801011711,2000
2007-11-12 11:00:00,"2007-2008",2008,6.6,2.9,280.5,29,4.47971752265815,11,4.20522576714572,2000
2007-12-10 11:00:00,"2007-2008",2008,5.9,4,496.5,52,4.47971752265815,12,4.44677134277418,2000
2008-01-06 11:00:00,"2007-2008",2008,13.4,2,243.5,36,4.47971752265815,1,4.5345036903548,2000
2008-02-18 11:00:00,"2007-2008",2008,11.3,2,364.5,35,4.47971752265815,2,4.61040272356597,2000
2008-03-17 11:00:00,"2007-2008",2008,6.9,3.1,356.5,22,4.47971752265815,3,4.18790557174269,2000
2008-04-20 12:00:00,"2007-2008",2008,11.8,2.4,453,25,4.47971752265815,4,4.53225097571189,2000
2008-05-19 12:00:00,"2007-2008",2008,12.6,2.7,373,26,4.47971752265815,5,4.46376203571352,2000
2008-06-19 12:00:00,"2007-2008",2008,7.4,2.7,304.5,20,4.47971752265815,6,4.1674987794421,2000
2008-08-04 12:00:00,"2008-2009",2009,9.3,3.9,279,28,4.31692859930413,8,4.02110996981584,2000
2008-08-18 12:00:00,"2008-2009",2009,7.3,3.9,230.5,14,4.31692859930413,8,4.02110996981584,2000
2008-09-15 12:00:00,"2008-2009",2009,4.4,4.4,225.5,20,4.31692859930413,9,3.77494638703263,2000
2008-10-20 11:00:00,"2008-2009",2009,10.4,3.8,220.5,10,4.31692859930413,10,3.83119337597458,2000
2008-11-17 11:00:00,"2008-2009",2009,8.9,3.8,280.5,29,4.31692859930413,11,4.20444491272633,2000
2008-12-15 11:00:00,"2008-2009",2009,13.5,3.2,233,86,4.31692859930413,12,4.65649574484088,2000
2009-01-12 11:00:00,"2008-2009",2009,5,4.3,181,41,4.31692859930413,1,3.97322214573086,2000
2009-02-16 11:00:00,"2008-2009",2009,28.7,2.3,424.51,85,4.31692859930413,2,5.15687627376163,2000
2009-03-16 11:00:00,"2008-2009",2009,20.4,2.4,352,54,4.31692859930413,3,4.84493175298077,2000
2009-04-21 12:00:00,"2008-2009",2009,5,3.5,263,28,4.31692859930413,4,4.03879515507759,2000
2009-05-18 12:00:00,"2008-2009",2009,5.6,3.8,270.5,35,4.31692859930413,5,4.12443717846264,2000
2009-06-21 12:00:00,"2008-2009",2009,4,4.1,191.56,19,4.31692859930413,6,3.70139549688258,2000
2009-07-20 12:00:00,"2009-2010",2010,10.4,3.8,283,22,4.50714049683992,7,4.16271625886942,2000
2009-08-16 12:00:00,"2009-2010",2010,5,3.3,192,16,4.50714049683992,8,3.77669760117167,2000
2009-09-21 12:00:00,"2009-2010",2010,4.6,3.8,331,19,4.50714049683992,9,3.94247415581205,2000
2009-10-27 11:00:00,"2009-2010",2010,5.6,3.2,263,21,4.50714049683992,10,4.00645078490991,2000
2009-11-16 11:00:00,"2009-2010",2010,6.7,5.3,566,50,4.50714049683992,11,4.42239581635987,2000
2009-12-15 11:00:00,"2009-2010",2010,7.7,2.8,334,51,4.50714049683992,12,4.49442825149934,2000
2010-01-19 11:00:00,"2009-2010",2010,10.4,2.5,349,65,4.50714049683992,1,4.70283937861381,2010
2010-02-16 11:00:00,"2009-2010",2010,5.1,3.2,286,68,4.50714049683992,2,4.38056860989402,2010
2010-03-22 11:00:00,"2009-2010",2010,11.1,2.3,340,79,4.50714049683992,3,4.799145543105,2010
2010-04-20 12:00:00,"2009-2010",2010,13,2.2,429,96,4.50714049683992,4,4.99379207419932,2010
2010-05-17 12:00:00,"2009-2010",2010,13.9,2.2,366,56,4.50714049683992,5,4.78946710763176,2010
2010-06-15 12:00:00,"2009-2010",2010,14.6,2.5,362,54,4.50714049683992,6,4.74956003144311,2010
2010-07-19 12:00:00,"2010-2011",2011,3.9,3.8,263,37,4.06514375747695,7,4.03309222345173,2010
2010-08-16 12:00:00,"2010-2011",2011,7,4.1,220,22.4,4.06514375747695,8,3.95315426645661,2010
2010-09-26 11:00:00,"2010-2011",2011,5,3.2,200,9.7,4.06514375747695,9,3.64082899237155,2010
2010-10-18 11:00:00,"2010-2011",2011,5.2,3.8,260,17.5,4.06514375747695,10,3.87130958177959,2010
2010-11-15 11:00:00,"2010-2011",2011,5.1,3.3,240,11.6,4.06514375747695,11,3.75313023982588,2010
2010-12-13 11:00:00,"2010-2011",2011,3.9,2.4,240,17.5,4.06514375747695,12,3.90624855811807,2010
2011-01-17 11:00:00,"2010-2011",2011,8.7,2.6,340,20.4,4.06514375747695,1,4.26585750359413,2010
2011-02-14 11:00:00,"2010-2011",2011,3.2,4.9,258,18.5,4.06514375747695,2,3.67203260602575,2010
2011-03-24 11:00:00,"2010-2011",2011,9.3,3.2,323,27.3,4.06514375747695,3,4.29667490459233,2010
2011-04-19 12:00:00,"2010-2011",2011,7.1,3.1,300,21.4,4.06514375747695,4,4.130627892806,2010
2011-05-22 12:00:00,"2010-2011",2011,12.8,3.1,360,22.4,4.06514375747695,5,4.36722005858566,2010
2011-06-19 12:00:00,"2010-2011",2011,6.9,5.6,376,51.7,4.06514375747695,6,4.28944789813909,2010
2011-07-18 12:00:00,"2011-2012",2012,6.1,5.4,277,13.6,4.06364474910454,7,3.74413840053029,2010
2011-08-15 12:00:00,"2011-2012",2012,9.4,4.1,295,26.3,4.06364474910454,8,4.1812078408018,2010
2011-09-20 12:00:00,"2011-2012",2012,9.9,2.8,265,17.5,4.06364474910454,9,4.1489998404355,2010
2011-10-24 11:00:00,"2011-2012",2012,4.2,3.6,274,21.4,4.06364474910454,10,3.91015293197989,2010
2011-11-13 11:00:00,"2011-2012",2012,4,4.1,278,13.6,4.06364474910454,11,3.71709809687677,2010
2011-12-20 11:00:00,"2011-2012",2012,4.5,3.5,280,22.4,4.06364474910454,12,3.95946455692216,2010
2012-01-16 11:00:00,"2011-2012",2012,3,3.7,215,11.6,4.06364474910454,1,3.53545546123588,2010
2012-02-21 11:00:00,"2011-2012",2012,3.5,3.5,273,17.5,4.06364474910454,2,3.80362051430744,2010
2012-03-27 11:00:00,"2011-2012",2012,5.8,2.3,279,20.4,4.06364474910454,3,4.12628375095591,2010
2012-04-16 12:00:00,"2011-2012",2012,5.4,3,283,18.5,4.06364474910454,4,3.9999380026664,2010
2012-05-14 12:00:00,"2011-2012",2012,12.8,2.8,240,16.5,4.06364474910454,5,4.16881176557815,2010
2012-06-24 12:00:00,"2011-2012",2012,8.6,2.7,232,85.9,4.06364474910454,6,4.582136534376,2010
2012-07-17 12:00:00,"2012-2013",2013,10.2,2.8,198,12.6,3.7664067990474,7,3.95783335886406,2010
2012-08-13 12:00:00,"2012-2013",2013,8.7,2.3,225,15.5,3.7664067990474,8,4.08071399981509,2010
2012-09-17 12:00:00,"2012-2013",2013,6.4,1.9,265,23.4,3.7664067990474,9,4.23701677873326,2010
2012-10-16 11:00:00,"2012-2013",2013,5.8,2.6,232,13.6,3.7664067990474,10,3.90058475853923,2010
2012-11-12 11:00:00,"2012-2013",2013,2.34,3.8,173,7.7,3.7664067990474,11,3.25768223011823,2010
2012-12-05 11:00:00,"2012-2013",2013,3.33,4.2,184,10.7,3.7664067990474,12,3.4480505919981,2010
2013-01-14 11:00:00,"2012-2013",2013,2.8,4.3,232,14.6,3.7664067990474,1,3.56709349323837,2010
2013-02-18 11:00:00,"2012-2013",2013,5.4,3.95,232,15.5,3.7664067990474,2,3.79390320414797,2010
2013-03-18 11:00:00,"2012-2013",2013,4.9,3.6,236,14.6,3.7664067990474,3,3.78264865728572,2010
2013-04-21 12:00:00,"2012-2013",2013,6.7,3.5,206,10.7,3.7664067990474,4,3.73469987945887,2010
2013-05-13 12:00:00,"2012-2013",2013,5.3,3.8,174,8.7,3.7664067990474,5,3.5237397796232,2010
2013-06-16 12:00:00,"2012-2013",2013,3.7,4.2,286,6.7,3.7664067990474,6,3.47283107488046,2010
2013-07-14 12:00:00,"2013-2014",2014,9.5,3.1,218,17.5,3.80520961625775,7,4.04280381898481,2010
2013-08-18 12:00:00,"2013-2014",2014,4.9,4.2,191,8.7,3.80520961625775,8,3.50117410828032,2010
2013-09-17 12:00:00,"2013-2014",2014,3.4,4.6,175,6.7,3.80520961625775,9,3.26013038529043,2010
2013-10-15 11:00:00,"2013-2014",2014,6.8,3.6,225,10.7,3.80520961625775,10,3.75889094166744,2010
2013-11-18 11:00:00,"2013-2014",2014,4.1,5.2,180,8.7,3.80520961625775,11,3.36434470435834,2010
2013-12-10 11:00:00,"2013-2014",2014,6.2,3.4,258,24.3,3.80520961625775,12,4.05586754636122,2010
2014-01-13 11:00:00,"2013-2014",2014,5.8,2.9,319,24.3,3.80520961625775,1,4.15556719289205,2010
2014-02-17 11:00:00,"2013-2014",2014,3,4.2,245,19.4,3.80520961625775,2,3.70148767227707,2010
2014-03-17 11:00:00,"2013-2014",2014,5.3,3.3,285,22.4,3.80520961625775,3,4.0285268742169,2010
2014-04-14 12:00:00,"2013-2014",2014,9.8,3.1,275,22.4,3.80520961625775,4,4.20555050620388,2010
2014-05-19 12:00:00,"2013-2014",2014,2.8,3.6,216,11.6,3.80520961625775,5,3.52645640928901,2010
2014-06-16 12:00:00,"2013-2014",2014,3.5,4,194,6.7,3.80520961625775,6,3.34600725267891,2010
2014-07-21 12:00:00,"2014-2015",2015,5.6,3.8,181,17.5,4.33813998646899,7,3.77338253896145,2010
2014-08-18 12:00:00,"2014-2015",2015,3.5,5,182,18.5,4.33813998646899,8,3.57619702100149,2010
2014-09-15 12:00:00,"2014-2015",2015,5.3,4.4,179,17.5,4.33813998646899,9,3.70846412315304,2010
2014-10-19 11:00:00,"2014-2015",2015,2.4,4.9,208,10.7,4.33813998646899,10,3.34871013507763,2010
2014-11-17 11:00:00,"2014-2015",2015,9.1,2.8,240,14.6,4.33813998646899,11,4.03593902442213,2010
2014-12-15 11:00:00,"2014-2015",2015,9.4,2.2,297,28.2,4.33813998646899,12,4.39582319721673,2010
2015-01-19 11:00:00,"2014-2015",2015,14,1.8,495,45.8,4.33813998646899,1,4.8859885770083,2010
2015-02-16 11:00:00,"2014-2015",2015,16,1.4,528,48.7,4.33813998646899,2,5.0372538878625,2010
2015-03-17 11:00:00,"2014-2015",2015,23.7,1.5,533,52.7,4.33813998646899,3,5.15350033504523,2010
2015-04-13 12:00:00,"2014-2015",2015,6.7,2.6,393,34.1,4.33813998646899,4,4.40404346142316,2010
2015-05-18 12:00:00,"2014-2015",2015,12.6,2.1,384,26.3,4.33813998646899,5,4.55234618942277,2010
2015-06-15 12:00:00,"2014-2015",2015,5.9,2.9,305,19.4,4.33813998646899,6,4.07421726760257,2010
2015-07-20 12:00:00,"2015-2016",2016,3.6,3.3,288,18.5,4.39007326277504,7,3.8646401832403,2010
2015-08-17 12:00:00,"2015-2016",2016,5.3,3.5,228,13.6,4.39007326277504,8,3.77925169138045,2010
2015-09-18 12:00:00,"2015-2016",2016,5.4,3.2,260,15.5,4.39007326277504,9,3.89639422336661,2010
2015-10-19 11:00:00,"2015-2016",2016,2.5,4.3,251,13.6,4.39007326277504,10,3.5390706340145,2010
2015-11-16 11:00:00,"2015-2016",2016,6.9,2.8,282,13.6,4.39007326277504,11,3.98982622592635,2010
2015-12-14 11:00:00,"2015-2016",2016,12.6,2.7,330,17.5,4.39007326277504,12,4.29822011105789,2010
2016-01-19 11:00:00,"2015-2016",2016,20.9,1.7,411.5,32.1,4.39007326277504,1,4.84030327941671,2010
2016-02-15 11:00:00,"2015-2016",2016,9.3,3,493,24.3,4.39007326277504,2,4.41770986952722,2010
2016-03-14 11:00:00,"2015-2016",2016,27.5,1.6,559,50.7,4.39007326277504,3,5.17885776907945,2010
2016-04-17 12:00:00,"2015-2016",2016,17.3,2.3,443,30.2,4.39007326277504,4,4.70314293768752,2010
2016-05-16 12:00:00,"2015-2016",2016,13,2,416,26.3,4.39007326277504,5,4.60164030266515,2010
2016-06-13 12:00:00,"2015-2016",2016,13.7,2.4,397.5,22.5,4.39007326277504,6,4.49730778866972,2010
2016-07-18 12:00:00,"2016-2017",2017,9.5,2.8,309,16.5,4.54907331028026,7,4.16917272058937,2010
2016-08-15 12:00:00,"2016-2017",2017,2.6,2.6,290,13.6,4.54907331028026,8,3.7522408433768,2010
2016-09-18 12:00:00,"2016-2017",2017,5.8,3,700,16.5,4.54907331028026,9,4.27933964101194,2010
2016-10-17 11:00:00,"2016-2017",2017,6.6,2.7,260,9.7,4.54907331028026,10,3.85490650904061,2010
2016-11-14 11:00:00,"2016-2017",2017,6.1,2.5,320,14.6,4.54907331028026,11,4.05390771266322,2010
2016-12-11 11:00:00,"2016-2017",2017,10.9,2.5,380,23.4,4.54907331028026,12,4.41970088257887,2010
2017-01-16 11:00:00,"2016-2017",2017,14.6,1.2,530,33.1,4.54907331028026,1,4.93578990809609,2010
2017-02-13 11:00:00,"2016-2017",2017,26.3,1.4,680,30.2,4.54907331028026,2,5.10549945594377,2010
2017-03-13 11:00:00,"2016-2017",2017,44.2,1.8,820,63.4,4.54907331028026,3,5.47108828642137,2010
2017-04-17 12:00:00,"2016-2017",2017,9.2,2.6,430,21.4,4.54907331028026,4,4.37318720861908,2010
2017-05-15 12:00:00,"2016-2017",2017,7.3,3,500,23.4,4.54907331028026,5,4.34357583106134,2010
2017-06-19 12:00:00,"2016-2017",2017,9,3.3,490,22.4,4.54907331028026,6,4.35165748357942,2010
2017-07-17 12:00:00,"2017-2018",2018,9.7,3.9,420,21.4,4.7124768881491,7,4.25564588913667,2010
2017-08-14 12:00:00,"2017-2018",2018,18.9,2.2,380,18.5,4.7124768881491,8,4.53533169683495,2010
2017-09-18 12:00:00,"2017-2018",2018,17,3.2,380,20.4,4.7124768881491,9,4.42376684561693,2010
2017-10-16 11:00:00,"2017-2018",2018,16.7,2.6,400,25.3,4.7124768881491,10,4.56704795399746,2010
2017-11-12 11:00:00,"2017-2018",2018,13.4,2.3,450,31.2,4.7124768881491,11,4.64814660707022,2010
2017-12-11 11:00:00,"2017-2018",2018,5.8,2.7,360,30.2,4.7124768881491,12,4.2856847757077,2010
2018-01-15 11:00:00,"2017-2018",2018,8.2,2.6,350,41.9,4.7124768881491,1,4.48719410728874,2010
2018-02-20 11:00:00,"2017-2018",2018,21,1.6,470,66.3,4.7124768881491,2,5.13286607873752,2010
2018-03-19 11:00:00,"2017-2018",2018,23.3,1.6,530,62.4,4.7124768881491,3,5.18157166494365,2010
2018-04-16 12:00:00,"2017-2018",2018,26.7,1.4,520,64.4,4.7124768881491,4,5.26207338070696,2010
2018-05-14 12:00:00,"2017-2018",2018,6.2,2,310,40,4.7124768881491,5,4.43427303736726,2010
2018-06-18 12:00:00,"2017-2018",2018,12.1,2.5,440,44.8,4.7124768881491,6,4.70232012344846,2010
2018-07-16 12:00:00,"2018-2019",2019,19.8,2.2,430,45.8,5.2518897986286,7,4.87595514057912,2010
2018-08-20 12:00:00,"2018-2019",2019,18.2,2.2,323,33.1,5.2518897986286,8,4.65625059787754,2010
2018-09-17 12:00:00,"2018-2019",2019,13.3,2.5,307,30.2,5.2518897986286,9,4.48574281194242,2010
2018-10-17 11:00:00,"2018-2019",2019,17.5,3,332,35,5.2518897986286,10,4.57851855199138,2010
2018-11-19 11:00:00,"2018-2019",2019,10.8,2.3,342,47,5.2518897986286,11,4.62886995569368,2010
2018-12-12 11:00:00,"2018-2019",2019,17.3,2,263,67,5.2518897986286,12,4.82706142845309,2010
2019-01-14 11:00:00,"2018-2019",2019,96.4,0.9,1230,74,5.2518897986286,1,6.06989993509863,2010
2019-02-18 11:00:00,"2018-2019",2019,61.4,1.3,1350,98,5.2518897986286,2,5.95826806562233,2010
2019-03-20 11:00:00,"2018-2019",2019,28.8,1.15,794.5,55,5.2518897986286,3,5.4288112284153,2010
2019-04-14 12:00:00,"2018-2019",2019,40,1,778.4,60,5.2518897986286,4,5.58084163499074,2010
2019-05-13 12:00:00,"2018-2019",2019,15.9,1.5,830.5,59,5.2518897986286,5,5.22416338055594,2010
2019-06-17 12:00:00,"2018-2019",2019,29.2,1.5,842,57,5.2518897986286,6,5.38535526559531,2010
2019-07-15 12:00:00,"2019-2020",2020,30.5,1.55,811,48.7,4.38097934842868,7,5.32559275798126,2010
2019-09-17 12:00:00,"2019-2020",2020,5.6,1.25,537,35.1,4.38097934842868,9,4.68252534878701,2010
2019-11-18 11:00:00,"2019-2020",2020,5.1,2.65,339,21,4.38097934842868,11,4.12104250145209,2010
2019-12-09 11:00:00,"2019-2020",2020,5,3.05,344,21,4.38097934842868,12,4.07764176378067,2010
2020-01-20 11:00:00,"2019-2020",2020,4.3,3.4,277,17,4.38097934842868,1,3.8649086231859,2020
2020-02-17 11:00:00,"2019-2020",2020,11.4,3.35,354.1,22,4.38097934842868,2,4.30035036488237,2020
2020-03-19 11:00:00,"2019-2020",2020,9.7,3.175,317.05,20,4.38097934842868,3,4.20597095809298,2020
2020-04-19 12:00:00,"2019-2020",2020,9.7,3.175,317.05,20,4.38097934842868,4,4.20597095809298,2020
2020-05-19 12:00:00,"2019-2020",2020,9.7,3.175,317.05,20,4.38097934842868,5,4.20597095809298,2020
2020-06-15 12:00:00,"2019-2020",2020,8,3,280,18,4.38097934842868,6,4.09616079976291,2020
2020-07-21 12:00:00,"2020-2021",2021,11.5,3.15,295.2,17.3,4.27288230691044,7,4.18602285525507,2020
2020-08-18 12:00:00,"2020-2021",2021,11.7,2.6,362.8,21,4.27288230691044,8,4.37796260523769,2020
2020-09-16 12:00:00,"2020-2021",2021,10.2,2.25,307.7,24.5,4.27288230691044,9,4.37860668182296,2020
2020-10-12 11:00:00,"2020-2021",2021,9.9,3.55,290,27,4.27288230691044,10,4.24319436220058,2020
2020-11-16 11:00:00,"2020-2021",2021,7.2,3.23333333333333,334,24,4.27288230691044,11,4.19301301940892,2020
2020-12-14 11:00:00,"2020-2021",2021,7,2.91666666666667,324.5,25.5,4.27288230691044,12,4.24418185184751,2020
2020-12-15 11:00:00,"2020-2021",2021,6.8,2.6,315,27,4.27288230691044,12,4.24418185184751,2020
2021-01-18 11:00:00,"2020-2021",2021,4.8,3.7,289,32,4.27288230691044,1,4.08344248784808,2020
2021-02-15 11:00:00,"2020-2021",2021,9.5,2.55,309,28,4.27288230691044,2,4.36512718068325,2020
2021-02-16 11:00:00,"2020-2021",2021,9.5,2.55,309,28,4.27288230691044,2,4.36512718068325,2020
2021-03-15 11:00:00,"2020-2021",2021,10.7,1.8,450,34,4.27288230691044,3,4.68625578809919,2020
2021-04-20 12:00:00,"2020-2021",2021,8.9,5,293.2,24.4,4.27288230691044,4,4.07717284348462,2020
2021-04-21 12:00:00,"2020-2021",2021,8.9,5,293.2,24.4,4.27288230691044,4,4.07717284348462,2020
2021-05-17 12:00:00,"2020-2021",2021,10,2.6,297.5,22,4.27288230691044,5,4.2845623728599,2020
2021-06-14 12:00:00,"2020-2021",2021,6.7,2.8,334.4,25.9,4.27288230691044,6,4.24163789092911,2020
