"LocationName","date","depth_m","chl_ugL","DO_mgl","DO_psat","PAR","Conductivity","turb_NTU","temp_C"
"Lake Rotoehu at Site 3 (Integrated)",2021-01-19 17:47:00,1,1.7995,NA,NA,93.073,486.89508,1.7008,22.0304
"Lake Rotoehu at Site 3 (Integrated)",2021-01-19 17:47:00,2,1.676,NA,NA,43.906,494.065293,1.6666,22.1371
"Lake Rotoehu at Site 3 (Integrated)",2021-01-19 17:47:00,3,1.6976,NA,NA,23.836,502.234939,1.6986,22.7057
"Lake Rotoehu at Site 3 (Integrated)",2021-01-19 17:47:00,4,1.7061,NA,NA,13.684,503.920943,1.7161,22.7854
"Lake Rotoehu at Site 3 (Integrated)",2021-01-19 17:47:00,5,1.7026,NA,NA,7.8966,504.862379,1.7352,22.7927
"Lake Rotoehu at Site 3 (Integrated)",2021-01-19 17:47:00,6,1.6516,NA,NA,4.4984,504.957873,1.7438,22.7637
"Lake Rotoehu at Site 3 (Integrated)",2021-01-19 17:47:00,7,1.684,NA,NA,2.6209,503.875596,1.824,22.6771
"Lake Rotoehu at Site 3 (Integrated)",2021-01-19 17:47:00,8,1.3331,NA,NA,1.5743,496.406228,1.6931,21.9417
"Lake Rotoehu at Site 3 (Integrated)",2021-01-19 17:47:00,9,3.4206,NA,NA,1.1455,490.828508,3.4992,20.7083
"Lake Rotoehu at Site 3 (Integrated)",2021-02-16 17:51:00,1,2.536,NA,NA,286.45,494.457603,2.1296,21.078
"Lake Rotoehu at Site 3 (Integrated)",2021-02-16 17:51:00,2,2.6039,NA,NA,126.03,494.42891,2.1707,21.0303
"Lake Rotoehu at Site 3 (Integrated)",2021-02-16 17:51:00,3,2.6647,NA,NA,48.752,494.392858,2.2073,21.0652
"Lake Rotoehu at Site 3 (Integrated)",2021-02-16 17:51:00,4,2.7757,NA,NA,20.091,495.888915,2.3098,21.0783
"Lake Rotoehu at Site 3 (Integrated)",2021-02-16 17:51:00,5,2.846,NA,NA,8.1011,496.201634,2.3161,21.0964
"Lake Rotoehu at Site 3 (Integrated)",2021-02-16 17:51:00,6,2.6222,NA,NA,4.2877,493.209574,2.1566,20.9734
"Lake Rotoehu at Site 3 (Integrated)",2021-02-16 17:51:00,7,2.7618,NA,NA,1.7486,494.520313,2.2047,21.0321
"Lake Rotoehu at Site 3 (Integrated)",2021-02-16 17:51:00,8,2.7845,NA,NA,0.8168,495.722742,2.3073,21.0727
"Lake Rotoehu at Site 3 (Integrated)",2021-02-16 17:51:00,9,6.2635,NA,NA,0.37462,496.101637,6.3046,21.0539
"Lake Rotoehu at Site 3 (Integrated)",2021-03-16 17:45:00,1,2.3074,NA,NA,109.92,492.122987,4.0523,20.3629
"Lake Rotoehu at Site 3 (Integrated)",2021-03-16 17:45:00,2,2.2279,NA,NA,39.5,495.246505,4.1815,20.4549
"Lake Rotoehu at Site 3 (Integrated)",2021-03-16 17:45:00,3,2.4046,NA,NA,15.191,495.440103,3.8722,20.4777
"Lake Rotoehu at Site 3 (Integrated)",2021-03-16 17:45:00,4,2.1715,NA,NA,6.6691,495.005208,3.382,20.4313
"Lake Rotoehu at Site 3 (Integrated)",2021-03-16 17:45:00,5,2.099,NA,NA,3.2067,493.261311,2.646,20.2669
"Lake Rotoehu at Site 3 (Integrated)",2021-03-16 17:45:00,6,1.8241,NA,NA,1.6553,489.277203,2.2102,19.8804
"Lake Rotoehu at Site 3 (Integrated)",2021-03-16 17:45:00,7,1.8232,NA,NA,0.88294,486.894773,2.1726,19.5965
"Lake Rotoehu at Site 3 (Integrated)",2021-03-16 17:45:00,8,2.1246,NA,NA,0.46103,488.683344,2.2271,19.4647
"Lake Rotoehu at Site 3 (Integrated)",2021-03-16 17:45:00,9,0.9933,NA,NA,0.25507,408.234846,1.5031,19.3682
"Lake Rotoehu at Site 3 (Integrated)",2021-04-21 18:27:00,0,0.5153,NA,NA,57.352,463.039035,3.1326,NA
"Lake Rotoehu at Site 3 (Integrated)",2021-04-21 18:27:00,1,0.8877,NA,NA,27.35,463.439967,2.4498,17.5934
"Lake Rotoehu at Site 3 (Integrated)",2021-04-21 18:27:00,2,0.9981,NA,NA,23.034,463.131471,2.5401,17.5531
"Lake Rotoehu at Site 3 (Integrated)",2021-04-21 18:27:00,3,1.0539,NA,NA,31.624,463.268197,2.5718,17.5311
"Lake Rotoehu at Site 3 (Integrated)",2021-04-21 18:27:00,4,1.0398,NA,NA,20.509,462.957318,2.6231,17.4898
"Lake Rotoehu at Site 3 (Integrated)",2021-04-21 18:27:00,5,1.0495,NA,NA,10.205,462.47565,2.6265,17.4558
"Lake Rotoehu at Site 3 (Integrated)",2021-04-21 18:27:00,6,1.0396,NA,NA,5.9015,462.695499,2.4764,17.4095
"Lake Rotoehu at Site 3 (Integrated)",2021-04-21 18:27:00,7,1.0168,NA,NA,3.1071,462.65154,2.5568,17.3914
"Lake Rotoehu at Site 3 (Integrated)",2021-04-21 18:27:00,8,1.0356,NA,NA,1.7436,462.672133,2.2855,17.3501
"Lake Rotoehu at Site 3 (Integrated)",2021-04-21 18:27:00,9,1.0726,NA,NA,0.93711,462.843174,2.4033,17.3384
"Lake Rotoehu at Site 3 (Integrated)",2021-05-18 19:09:00,1,1.3219,NA,NA,183.55,437.419484,3.2101,14.6457
"Lake Rotoehu at Site 3 (Integrated)",2021-05-18 19:09:00,2,1.3096,NA,NA,77.499,436.937187,3.227,14.6998
"Lake Rotoehu at Site 3 (Integrated)",2021-05-18 19:09:00,3,1.337,NA,NA,31.576,438.119113,3.4842,14.7397
"Lake Rotoehu at Site 3 (Integrated)",2021-05-18 19:09:00,4,1.3184,NA,NA,16.23,438.075804,3.0527,14.7407
"Lake Rotoehu at Site 3 (Integrated)",2021-05-18 19:09:00,5,1.3284,NA,NA,7.9269,438.167561,3.2833,14.7416
"Lake Rotoehu at Site 3 (Integrated)",2021-05-18 19:09:00,6,1.3032,NA,NA,3.7927,438.337901,3.2502,14.7342
"Lake Rotoehu at Site 3 (Integrated)",2021-05-18 19:09:00,7,1.2804,NA,NA,1.7893,438.313193,2.9861,14.729
"Lake Rotoehu at Site 3 (Integrated)",2021-05-18 19:09:00,8,1.2747,NA,NA,0.97069,438.324123,3.2421,14.734
"Lake Rotoehu at Site 3 (Integrated)",2021-05-18 19:09:00,9,2.2877,NA,NA,0.50143,438.036237,4.1191,14.7269
"Lake Rotoehu at Site 3 (Integrated)",2021-07-20 18:54:00,1,3.4036,8.2947,74.753,730.9,384.944829,12.2111,10.6633
"Lake Rotoehu at Site 3 (Integrated)",2021-07-20 18:54:00,2,3.8212,10.4347,93.903,311.33,384.526096,11.2033,10.5983
"Lake Rotoehu at Site 3 (Integrated)",2021-07-20 18:54:00,3,5.2498,11.0807,99.07,142.24,380.537449,11.2111,10.3226
"Lake Rotoehu at Site 3 (Integrated)",2021-07-20 18:54:00,4,7.4516,10.9764,97.569,67.614,379.161489,11.2829,10.0739
"Lake Rotoehu at Site 3 (Integrated)",2021-07-20 18:54:00,5,8.6471,10.7971,95.812,32.157,378.680342,11.3673,10.0016
"Lake Rotoehu at Site 3 (Integrated)",2021-07-20 18:54:00,6,8.7315,10.572,93.759,15.027,378.358803,11.2237,9.9767
"Lake Rotoehu at Site 3 (Integrated)",2021-07-20 18:54:00,7,9.2026,10.5104,93.193,7.8398,378.303787,11.0599,9.9679
"Lake Rotoehu at Site 3 (Integrated)",2021-07-20 18:54:00,8,8.6868,10.4872,92.964,4.4413,377.723708,11.1651,9.9572
"Lake Rotoehu at Site 3 (Integrated)",2021-07-20 18:54:00,9,9.0811,10.439,92.455,2.5702,377.22303,11.1553,9.9199
"Lake Rotoehu at Site 3 (Integrated)",2021-08-17 18:05:00,1,4.9471,9.2671,82.359,328.41,377.575995,11.4751,10.0663
"Lake Rotoehu at Site 3 (Integrated)",2021-08-17 18:05:00,2,7.2176,10.2165,90.653,141.65,377.297382,11.2143,9.9988
"Lake Rotoehu at Site 3 (Integrated)",2021-08-17 18:05:00,3,9.6654,10.9672,97.266,79.295,377.195662,11.077,9.9781
"Lake Rotoehu at Site 3 (Integrated)",2021-08-17 18:05:00,4,11.5938,11.0316,97.822,49.025,377.213471,11.1568,9.9715
"Lake Rotoehu at Site 3 (Integrated)",2021-08-17 18:05:00,5,12.2749,10.7455,95.279,35.788,377.197215,11.0372,9.9685
"Lake Rotoehu at Site 3 (Integrated)",2021-08-17 18:05:00,6,12.351,10.6349,94.286,20.799,376.992126,11.3343,9.9632
"Lake Rotoehu at Site 3 (Integrated)",2021-08-17 18:05:00,7,11.1636,10.5926,93.885,10.769,376.963684,11.286,9.9519
"Lake Rotoehu at Site 3 (Integrated)",2021-08-17 18:05:00,8,11.5339,10.6046,93.98,6.7316,376.857106,11.3681,9.9463
"Lake Rotoehu at Site 3 (Integrated)",2021-08-17 18:05:00,9,11.0699,10.6276,94.169,4.5089,376.823746,11.3775,9.9397
"Lake Rotoehu at Site 3 (Integrated)",2021-09-14 19:05:00,1,7.3429,7.3124,67.657,192.76,395.397347,11.754,11.8048
"Lake Rotoehu at Site 3 (Integrated)",2021-09-14 19:05:00,2,6.7656,9.6715,89.433,92.689,395.312395,11.4234,11.7793
"Lake Rotoehu at Site 3 (Integrated)",2021-09-14 19:05:00,3,7.0133,10.8423,100.272,47.848,395.43275,11.0649,11.7845
"Lake Rotoehu at Site 3 (Integrated)",2021-09-14 19:05:00,4,7.2617,10.3893,95.995,25.805,395.241466,11.23,11.7441
"Lake Rotoehu at Site 3 (Integrated)",2021-09-14 19:05:00,5,7.3238,10.2192,94.333,13.98,395.115448,11.5616,11.7023
"Lake Rotoehu at Site 3 (Integrated)",2021-09-14 19:05:00,6,7.1026,10.1992,94.124,7.6868,395.001017,11.0404,11.6908
"Lake Rotoehu at Site 3 (Integrated)",2021-09-14 19:05:00,7,7.0603,10.1716,93.846,4.3242,394.846513,11.5207,11.6802
"Lake Rotoehu at Site 3 (Integrated)",2021-09-14 19:05:00,8,6.806,10.1582,93.711,2.4619,394.753046,11.0677,11.675
"Lake Rotoehu at Site 3 (Integrated)",2021-09-14 19:05:00,9,6.9415,10.1048,93.202,1.4308,394.615373,11.0858,11.6671
"Lake Rotoehu at Site 3 (Integrated)",2021-10-19 18:02:00,1,1.072,8.5116,86.429,407.69,429.805361,3.06,16.0356
"Lake Rotoehu at Site 3 (Integrated)",2021-10-19 18:02:00,2,1.6957,9.5053,96.422,162.1,429.111827,3.4835,15.989
"Lake Rotoehu at Site 3 (Integrated)",2021-10-19 18:02:00,3,3.0037,10.2113,103.397,78.184,428.649541,3.3838,15.902
"Lake Rotoehu at Site 3 (Integrated)",2021-10-19 18:02:00,4,3.2894,9.9298,100.432,46.411,427.870889,3.6101,15.849
"Lake Rotoehu at Site 3 (Integrated)",2021-10-19 18:02:00,5,3.7289,10.0043,100.973,27.111,426.968174,3.5679,15.7508
"Lake Rotoehu at Site 3 (Integrated)",2021-10-19 18:02:00,6,3.9238,10.0162,100.807,15.58,425.325429,3.27,15.6173
"Lake Rotoehu at Site 3 (Integrated)",2021-10-19 18:02:00,7,4.0104,9.8117,98.468,9.151,424.40471,2.9592,15.4841
"Lake Rotoehu at Site 3 (Integrated)",2021-10-19 18:02:00,8,3.8818,9.0003,90.134,5.9458,425.0407,2.115,15.3814
"Lake Rotoehu at Site 3 (Integrated)",2021-10-19 18:02:00,9,4.1585,9.1486,90.471,3.4223,419.11239,2.0511,14.7962
"Lake Rotoehu at Site 3 (Integrated)",2022-01-18 18:26:00,1,1.3405,7.016,84.666,725.44,538.781666,1.8269,24.8134
"Lake Rotoehu at Site 3 (Integrated)",2022-01-18 18:26:00,2,1.9397,8.0747,96.247,252.98,532.958801,1.8938,24.1011
"Lake Rotoehu at Site 3 (Integrated)",2022-01-18 18:26:00,3,1.8944,7.7266,91.583,101.88,535.64356,1.8202,23.8081
"Lake Rotoehu at Site 3 (Integrated)",2022-01-18 18:26:00,4,1.6972,7.3099,86.739,41.199,536.202173,1.7546,23.8583
"Lake Rotoehu at Site 3 (Integrated)",2022-01-18 18:26:00,5,1.5133,6.6528,79.701,18.516,539.338803,1.6843,24.3825
"Lake Rotoehu at Site 3 (Integrated)",2022-01-18 18:26:00,6,1.4667,7.0806,82.837,8.3735,522.997954,1.7535,23.1144
"Lake Rotoehu at Site 3 (Integrated)",2022-01-18 18:26:00,7,1.2308,7.3366,85.486,3.8229,520.080966,1.7741,22.8924
"Lake Rotoehu at Site 3 (Integrated)",2022-01-18 18:26:00,8,1.1258,6.8697,80.246,1.8777,523.699143,1.7978,23.0309
"Lake Rotoehu at Site 3 (Integrated)",2022-01-18 18:26:00,9,2.7627,6.6681,78.272,0.74843,526.35609,3.522,23.2825
"Lake Rotoehu at Site 3 (Integrated)",2022-02-15 18:38:00,1,8.4527,NA,NA,791.14,503.897808,2.3167,22.0485
"Lake Rotoehu at Site 3 (Integrated)",2022-02-15 18:38:00,2,0.7994,NA,NA,243.78,504.245497,2.9532,21.7493
"Lake Rotoehu at Site 3 (Integrated)",2022-02-15 18:38:00,3,0.9936,NA,NA,72.291,504.239848,3.0637,21.6943
"Lake Rotoehu at Site 3 (Integrated)",2022-02-15 18:38:00,4,0.8913,NA,NA,24.605,504.150254,2.8256,21.6815
"Lake Rotoehu at Site 3 (Integrated)",2022-02-15 18:38:00,5,0.8589,NA,NA,10.171,504.181261,2.6958,21.6503
"Lake Rotoehu at Site 3 (Integrated)",2022-02-15 18:38:00,6,0.8658,NA,NA,3.9419,504.083214,2.5448,21.6398
"Lake Rotoehu at Site 3 (Integrated)",2022-02-15 18:38:00,7,0.9157,NA,NA,1.6666,504.276178,2.5525,21.6367
"Lake Rotoehu at Site 3 (Integrated)",2022-02-15 18:38:00,8,0.9839,NA,NA,0.48692,505.994278,2.4031,21.6731
"Lake Rotoehu at Site 3 (Integrated)",2022-02-15 18:38:00,9,0.6855,NA,NA,0.29099,503.052467,2.4484,21.4611
"Lake Rotoehu at Site 3 (Integrated)",2022-03-15 18:57:00,1,1.1852,NA,NA,280.04,506.774822,4.408,20.885
"Lake Rotoehu at Site 3 (Integrated)",2022-03-15 18:57:00,2,1.2181,NA,NA,47.35,505.361281,4.6064,20.8253
"Lake Rotoehu at Site 3 (Integrated)",2022-03-15 18:57:00,3,1.1563,NA,NA,13.583,505.266792,4.5839,20.8012
"Lake Rotoehu at Site 3 (Integrated)",2022-03-15 18:57:00,4,1.131,NA,NA,4.3927,505.056723,4.6107,20.7794
"Lake Rotoehu at Site 3 (Integrated)",2022-03-15 18:57:00,5,1.1361,NA,NA,1.4781,504.727988,4.6881,20.7484
"Lake Rotoehu at Site 3 (Integrated)",2022-03-15 18:57:00,6,1.1612,NA,NA,0.55846,503.960596,4.4793,20.6876
"Lake Rotoehu at Site 3 (Integrated)",2022-03-15 18:57:00,7,1.178,NA,NA,0.27402,503.652983,4.2021,20.6298
"Lake Rotoehu at Site 3 (Integrated)",2022-03-15 18:57:00,8,1.1679,NA,NA,0.13444,502.994696,4.0638,20.5725
"Lake Rotoehu at Site 3 (Integrated)",2022-03-15 18:57:00,9,0.7796,NA,NA,0.13205,504.270582,7.3689,20.4933
"Lake Rotoehu at Site 3 (Integrated)",2022-04-19 19:02:00,1,1.3058,NA,NA,86.714,462.695802,3.2988,16.9857
"Lake Rotoehu at Site 3 (Integrated)",2022-04-19 19:02:00,2,1.2312,NA,NA,36.174,462.907874,3.2595,16.9904
"Lake Rotoehu at Site 3 (Integrated)",2022-04-19 19:02:00,3,1.1605,NA,NA,16.199,462.858714,3.0885,16.9588
"Lake Rotoehu at Site 3 (Integrated)",2022-04-19 19:02:00,4,1.0659,NA,NA,7.2123,462.358315,3.0404,16.9165
"Lake Rotoehu at Site 3 (Integrated)",2022-04-19 19:02:00,5,0.9755,NA,NA,3.2877,462.011739,2.7761,16.8892
"Lake Rotoehu at Site 3 (Integrated)",2022-04-19 19:02:00,6,0.98,NA,NA,1.5377,462.162814,2.7349,16.8769
"Lake Rotoehu at Site 3 (Integrated)",2022-04-19 19:02:00,7,0.964,NA,NA,0.7065,462.506035,2.628,16.8681
"Lake Rotoehu at Site 3 (Integrated)",2022-04-19 19:02:00,8,0.9186,NA,NA,0.38036,462.801562,2.4415,16.8563
"Lake Rotoehu at Site 3 (Integrated)",2022-04-19 19:02:00,9,2.567,NA,NA,0.20983,463.114457,3.0577,16.8398
"Lake Rotoehu at Site 3 (Integrated)",2022-05-17 17:46:00,0,1.7458,NA,NA,89.836,440.852362,3.7786,14.9185
"Lake Rotoehu at Site 3 (Integrated)",2022-05-17 17:46:00,1,1.8146,NA,NA,36.533,441.609354,3.6247,15.0661
"Lake Rotoehu at Site 3 (Integrated)",2022-05-17 17:46:00,2,1.7039,NA,NA,12.399,442.1006,3.1603,15.0882
"Lake Rotoehu at Site 3 (Integrated)",2022-05-17 17:46:00,3,1.5557,NA,NA,5.602,440.758372,3.1623,14.9498
"Lake Rotoehu at Site 3 (Integrated)",2022-05-17 17:46:00,4,1.5469,NA,NA,2.4924,440.979129,2.9071,14.8897
"Lake Rotoehu at Site 3 (Integrated)",2022-05-17 17:46:00,5,1.4972,NA,NA,1.1109,440.240652,2.7102,14.84
"Lake Rotoehu at Site 3 (Integrated)",2022-05-17 17:46:00,6,1.4417,NA,NA,0.59648,440.633476,2.4703,14.8438
"Lake Rotoehu at Site 3 (Integrated)",2022-05-17 17:46:00,7,1.3976,NA,NA,0.33272,440.584216,2.1919,14.8649
"Lake Rotoehu at Site 3 (Integrated)",2022-05-17 17:46:00,8,1.413,NA,NA,0.20841,440.753021,2.1478,14.8994
"Lake Rotoehu at Site 3 (Integrated)",2022-06-20 18:47:00,1,1.8918,NA,NA,130.06,387.746027,1.9089,11.8104
"Lake Rotoehu at Site 3 (Integrated)",2022-06-20 18:47:00,2,2.0722,NA,NA,90.856,388.962127,1.8299,11.8492
"Lake Rotoehu at Site 3 (Integrated)",2022-06-20 18:47:00,3,2.1097,NA,NA,55.72,388.819804,1.8044,11.8423
"Lake Rotoehu at Site 3 (Integrated)",2022-06-20 18:47:00,4,2.1081,NA,NA,30.001,389.261654,1.8702,11.8568
"Lake Rotoehu at Site 3 (Integrated)",2022-06-20 18:47:00,5,2.1126,NA,NA,16.855,389.348115,1.9485,11.8654
"Lake Rotoehu at Site 3 (Integrated)",2022-06-20 18:47:00,6,2.0827,NA,NA,9.8481,389.379131,1.8998,11.8658
"Lake Rotoehu at Site 3 (Integrated)",2022-06-20 18:47:00,7,2.219,NA,NA,5.9236,389.279073,1.9565,11.8679
"Lake Rotoehu at Site 3 (Integrated)",2022-06-20 18:47:00,8,2.0967,NA,NA,3.5606,389.166933,1.8963,11.8663
"Lake Rotoehu at Site 3 (Integrated)",2022-06-20 18:47:00,9,1.6001,NA,NA,2.1525,388.911768,5.4855,11.869
"Lake Rotoehu at Site 3 (Integrated)",2022-07-19 19:02:00,1,2.2367,NA,NA,66.234,370.512285,1.4198,11.1373
"Lake Rotoehu at Site 3 (Integrated)",2022-07-19 19:02:00,2,2.2261,NA,NA,43.244,369.935416,1.4331,11.1082
"Lake Rotoehu at Site 3 (Integrated)",2022-07-19 19:02:00,3,2.4485,NA,NA,28.166,369.770058,1.6183,11.0857
"Lake Rotoehu at Site 3 (Integrated)",2022-07-19 19:02:00,4,2.514,NA,NA,19.437,369.754952,1.6493,11.0668
"Lake Rotoehu at Site 3 (Integrated)",2022-07-19 19:02:00,5,2.5709,NA,NA,13.569,369.799151,1.6647,11.0578
"Lake Rotoehu at Site 3 (Integrated)",2022-07-19 19:02:00,6,2.6393,NA,NA,8.5171,369.590752,1.696,11.0557
"Lake Rotoehu at Site 3 (Integrated)",2022-07-19 19:02:00,7,2.5531,NA,NA,5.693,369.518045,1.6531,11.0481
"Lake Rotoehu at Site 3 (Integrated)",2022-07-19 19:02:00,8,2.7336,NA,NA,3.8001,369.431592,1.6217,11.0382
"Lake Rotoehu at Site 3 (Integrated)",2022-07-19 19:02:00,9,2.7995,NA,NA,2.6717,369.365209,1.6086,11.0307
"Lake Rotoehu at Site 3 (Integrated)",2022-07-19 19:02:00,10,2.3866,NA,NA,1.5948,369.772366,5.5712,11.0231
"Lake Rotoehu at Site 3 (Integrated)",2022-08-15 19:19:00,1,3.4802,NA,NA,167.29,361.066868,1.655,11.0505
"Lake Rotoehu at Site 3 (Integrated)",2022-08-15 19:19:00,2,2.9609,NA,NA,85.822,361.556921,1.6958,11.0661
"Lake Rotoehu at Site 3 (Integrated)",2022-08-15 19:19:00,3,3.3931,NA,NA,49.197,360.784424,1.8403,10.8835
"Lake Rotoehu at Site 3 (Integrated)",2022-08-15 19:19:00,4,3.2949,NA,NA,29.088,359.248868,1.6513,10.6522
"Lake Rotoehu at Site 3 (Integrated)",2022-08-15 19:19:00,5,2.7651,NA,NA,17.607,358.865052,1.5598,10.6397
"Lake Rotoehu at Site 3 (Integrated)",2022-08-15 19:19:00,6,3.6572,NA,NA,10.985,357.639345,1.633,10.4311
"Lake Rotoehu at Site 3 (Integrated)",2022-08-15 19:19:00,7,3.6009,NA,NA,6.9676,357.276687,1.6632,10.3795
"Lake Rotoehu at Site 3 (Integrated)",2022-08-15 19:19:00,8,3.6754,NA,NA,4.363,357.199697,1.6282,10.3839
"Lake Rotoehu at Site 3 (Integrated)",2022-08-15 19:19:00,9,3.2897,NA,NA,2.7966,357.700812,1.8065,10.3658
"Lake Rotoehu at Site 3 (Integrated)",2022-09-20 18:28:00,1,1.8633,NA,NA,202.79,374.674572,2.069,13.3059
"Lake Rotoehu at Site 3 (Integrated)",2022-09-20 18:28:00,2,1.9701,NA,NA,101.62,374.328249,2.2735,13.2923
"Lake Rotoehu at Site 3 (Integrated)",2022-09-20 18:28:00,3,3.7436,NA,NA,55.75,374.104545,2.3042,13.2673
"Lake Rotoehu at Site 3 (Integrated)",2022-09-20 18:28:00,4,3.7825,NA,NA,26.622,373.32754,2.3046,13.2281
"Lake Rotoehu at Site 3 (Integrated)",2022-09-20 18:28:00,5,4.1153,NA,NA,12.616,372.774676,2.2584,13.1552
"Lake Rotoehu at Site 3 (Integrated)",2022-09-20 18:28:00,6,4.0801,NA,NA,6.2196,371.736812,2.2892,13.0878
"Lake Rotoehu at Site 3 (Integrated)",2022-09-20 18:28:00,7,4.0504,NA,NA,3.2514,370.40207,2.3393,12.9722
"Lake Rotoehu at Site 3 (Integrated)",2022-09-20 18:28:00,8,4.1814,NA,NA,1.7486,369.881726,2.3944,12.8832
"Lake Rotoehu at Site 3 (Integrated)",2022-09-20 18:28:00,9,4.0393,NA,NA,1.0882,370.575941,2.2137,12.8762
"Lake Rotoehu at Site 3 (Integrated)",2022-09-20 18:28:00,10,4.2801,NA,NA,0.54618,369.85876,2.5122,12.8409
"Lake Rotoehu at Site 3 (Integrated)",2022-10-18 18:31:00,0,1.4579,8.5,85.47,237.83,384.631437,2.8254,15.8705
"Lake Rotoehu at Site 3 (Integrated)",2022-10-18 18:31:00,1,1.8348,9.09,90.98,290.39,384.076361,3.2565,15.6555
"Lake Rotoehu at Site 3 (Integrated)",2022-10-18 18:31:00,2,2.1482,9.46,94.37,188.37,383.0904,3.1836,15.6214
"Lake Rotoehu at Site 3 (Integrated)",2022-10-18 18:31:00,3,2.3628,9.58,95.33,105.34,381.876269,3.2606,15.5102
"Lake Rotoehu at Site 3 (Integrated)",2022-10-18 18:31:00,4,3.0438,9.64,95.77,40.225,379.219795,3.3578,15.2716
"Lake Rotoehu at Site 3 (Integrated)",2022-10-18 18:31:00,5,2.8716,9.62,95.43,18.44,377.677256,3.2941,15.0408
"Lake Rotoehu at Site 3 (Integrated)",2022-10-18 18:31:00,6,2.7799,9.29,92.2,7.8972,376.895137,3.0244,14.9518
"Lake Rotoehu at Site 3 (Integrated)",2022-10-18 18:31:00,7,2.5469,NA,NA,3.0814,376.658812,3.0638,14.9152
"Lake Rotoehu at Site 3 (Integrated)",2022-10-18 18:31:00,8,2.5628,NA,NA,1.0335,376.707101,2.8336,14.8854
"Lake Rotoehu at Site 3 (Integrated)",2022-10-18 18:31:00,9,2.5822,NA,NA,0.25133,379.774988,2.4626,14.9061
"Lake Rotoehu at Site 3 (Integrated)",2022-11-15 19:06:00,1,1.6989,NA,NA,222.59,403.933724,4.4984,18.9253
"Lake Rotoehu at Site 3 (Integrated)",2022-11-15 19:06:00,2,2.541,NA,NA,62.437,405.183566,3.6136,18.8295
"Lake Rotoehu at Site 3 (Integrated)",2022-11-15 19:06:00,3,2.6849,NA,NA,33.83,401.998577,3.1119,18.4019
"Lake Rotoehu at Site 3 (Integrated)",2022-11-15 19:06:00,4,2.7158,NA,NA,16.185,398.07472,2.9636,18.0668
"Lake Rotoehu at Site 3 (Integrated)",2022-11-15 19:06:00,5,2.5574,NA,NA,8.1005,396.383175,2.3698,17.8183
"Lake Rotoehu at Site 3 (Integrated)",2022-11-15 19:06:00,6,1.9263,NA,NA,4.5187,393.362022,1.8949,17.4982
"Lake Rotoehu at Site 3 (Integrated)",2022-11-15 19:06:00,7,1.1684,NA,NA,2.5933,391.398447,1.7515,17.1781
"Lake Rotoehu at Site 3 (Integrated)",2022-11-15 19:06:00,8,1.191,NA,NA,1.4451,391.013259,1.7145,17.0706
"Lake Rotoehu at Site 3 (Integrated)",2022-11-15 19:06:00,9,1.1718,NA,NA,0.79049,390.617095,1.6643,17.0132
"Lake Rotoehu at Site 3 (Integrated)",2022-11-15 19:06:00,10,3.3463,NA,NA,0.43167,392.123565,6.3059,16.9347
"Lake Rotoehu at Site 3 (Integrated)",2022-12-13 18:49:00,1,3.0611,NA,NA,593.16,406.98629,2.2987,20.1095
"Lake Rotoehu at Site 3 (Integrated)",2022-12-13 18:49:00,2,3.6456,NA,NA,257,406.523412,2.4404,19.9983
"Lake Rotoehu at Site 3 (Integrated)",2022-12-13 18:49:00,3,4.1516,NA,NA,105.36,404.38053,2.2664,19.7484
"Lake Rotoehu at Site 3 (Integrated)",2022-12-13 18:49:00,4,4.0557,NA,NA,52.046,400.676426,1.9717,19.4236
"Lake Rotoehu at Site 3 (Integrated)",2022-12-13 18:49:00,5,3.5166,NA,NA,33.908,393.547912,1.7131,18.9295
"Lake Rotoehu at Site 3 (Integrated)",2022-12-13 18:49:00,6,2.7516,NA,NA,21.17,391.766482,1.6921,18.5906
"Lake Rotoehu at Site 3 (Integrated)",2022-12-13 18:49:00,7,2.4711,NA,NA,12.36,391.044542,1.7254,18.4607
"Lake Rotoehu at Site 3 (Integrated)",2022-12-13 18:49:00,8,2.1432,NA,NA,6.4882,391.295687,1.8389,18.3885
"Lake Rotoehu at Site 3 (Integrated)",2022-12-13 18:49:00,9,2.3091,NA,NA,3.2848,392.425541,1.9205,18.3882
"Lake Rotoehu at Site 3 (Integrated)",2022-12-13 18:49:00,10,7.5456,NA,NA,1.3726,392.729699,5.681,18.2056
"Lake Rotoehu at Site 3 (Integrated)",2023-01-17 17:59:00,1,7.4478,8.6521,98.583,1014.9,415.248384,10.4327,21.743
"Lake Rotoehu at Site 3 (Integrated)",2023-01-17 17:59:00,2,9.1721,9.8401,111.845,520.55,410.58337,10.3963,21.6131
"Lake Rotoehu at Site 3 (Integrated)",2023-01-17 17:59:00,3,12.2716,9.7862,109.435,232.62,404.261521,10.7028,20.7786
"Lake Rotoehu at Site 3 (Integrated)",2023-01-17 17:59:00,4,12.2533,9.5516,106.095,95.028,400.819521,10.4709,20.4366
"Lake Rotoehu at Site 3 (Integrated)",2023-01-17 17:59:00,5,9.9453,9.1962,101.637,40.504,398.527468,10.3619,20.1818
"Lake Rotoehu at Site 3 (Integrated)",2023-01-17 17:59:00,6,6.1889,8.9121,97.722,17.243,395.640763,10.3188,19.7856
"Lake Rotoehu at Site 3 (Integrated)",2023-01-17 17:59:00,7,4.8378,8.2741,90.271,6.3774,393.977063,10.2545,19.5318
"Lake Rotoehu at Site 3 (Integrated)",2023-01-17 17:59:00,8,4.4006,6.8745,74.886,2.088,393.932427,10.2349,19.4565
"Lake Rotoehu at Site 3 (Integrated)",2023-01-17 17:59:00,9,4.2992,6.1311,66.722,0.6566,394.688643,10.5505,19.4066
"Lake Rotoehu at Site 3 (Integrated)",2023-01-17 17:59:00,10,5.309,5.7223,62.191,0.13838,395.555665,10.8224,19.3399
"Lake Rotoehu at Site 3 (Integrated)",2023-03-14 20:02:00,1,4.9856,6.501,71.626,1165.2,370.896721,10.7721,20.025
"Lake Rotoehu at Site 3 (Integrated)",2023-03-14 20:02:00,2,6.4147,7.6901,84.906,499.62,370.891189,10.7521,20.1347
"Lake Rotoehu at Site 3 (Integrated)",2023-03-14 20:02:00,3,7.2105,7.7819,85.911,202.49,370.577692,10.6942,20.1312
"Lake Rotoehu at Site 3 (Integrated)",2023-03-14 20:02:00,4,7.2386,7.6026,83.898,93.822,370.148907,10.9411,20.1109
"Lake Rotoehu at Site 3 (Integrated)",2023-03-14 20:02:00,5,6.6076,7.6398,84.195,39.906,369.081039,10.5542,20.0436
"Lake Rotoehu at Site 3 (Integrated)",2023-03-14 20:02:00,6,5.8221,7.4214,81.712,20.57,368.35034,10.769,19.997
"Lake Rotoehu at Site 3 (Integrated)",2023-03-14 20:02:00,7,4.9674,7.1009,78.107,9.2629,367.423024,10.4994,19.9478
"Lake Rotoehu at Site 3 (Integrated)",2023-03-14 20:02:00,8,4.3994,6.672,73.302,4.2776,366.624288,10.3572,19.8867
"Lake Rotoehu at Site 3 (Integrated)",2023-04-18 18:53:00,1,6.4357,7.2089,75.562,81.287,347.141645,10.3659,17.5683
"Lake Rotoehu at Site 3 (Integrated)",2023-04-18 18:53:00,2,6.6306,7.7535,81.303,46.217,349.218213,10.5497,17.588
"Lake Rotoehu at Site 3 (Integrated)",2023-04-18 18:53:00,3,7.2167,8.5731,89.905,24.987,349.303431,11.5034,17.5918
"Lake Rotoehu at Site 3 (Integrated)",2023-04-18 18:53:00,4,7.8478,8.7456,91.659,14.345,348.972016,10.9292,17.5627
"Lake Rotoehu at Site 3 (Integrated)",2023-04-18 18:53:00,5,7.634,8.6453,90.517,7.7854,348.627142,10.5015,17.5141
"Lake Rotoehu at Site 3 (Integrated)",2023-04-18 18:53:00,6,6.3828,8.1955,85.721,4.197,348.844381,10.6469,17.4653
"Lake Rotoehu at Site 3 (Integrated)",2023-04-18 18:53:00,7,7.0499,8.0687,84.344,2.2702,349.263491,10.337,17.4362
"Lake Rotoehu at Site 3 (Integrated)",2023-04-18 18:53:00,8,6.1636,8.2017,85.666,1.2902,348.990484,10.497,17.3981
"Lake Rotoehu at Site 3 (Integrated)",2023-04-18 18:53:00,9,5.6993,7.6826,80.204,0.67993,348.683929,10.4585,17.3736
"Lake Rotoehu at Site 3 (Integrated)",2023-04-18 18:53:00,10,6.1535,7.6241,79.57,0.34796,348.211905,10.6117,17.3596
"Lake Rotoehu at Site 3 (Integrated)",2023-04-18 18:53:00,11,5.5953,8.1187,84.716,0.13003,348.340075,10.1311,17.3505
"Lake Rotoehu at Site 3 (Integrated)",2023-05-16 19:02:00,1,7.9009,7.5652,75.588,282.14,317.748164,10.7696,15.2835
"Lake Rotoehu at Site 3 (Integrated)",2023-05-16 19:02:00,2,9.2085,8.6455,86.651,56.723,319.161727,10.6826,15.4409
"Lake Rotoehu at Site 3 (Integrated)",2023-05-16 19:02:00,3,9.0618,8.435,84.524,23.921,319.677355,11.0533,15.4318
"Lake Rotoehu at Site 3 (Integrated)",2023-05-16 19:02:00,4,9.4432,8.448,84.455,10.577,319.017642,10.7043,15.3219
"Lake Rotoehu at Site 3 (Integrated)",2023-05-16 19:02:00,5,9.9155,8.4429,84.293,4.439,318.638624,10.5774,15.2602
"Lake Rotoehu at Site 3 (Integrated)",2023-05-16 19:02:00,6,8.7643,8.7539,87.352,2.0269,318.458091,12.5123,15.2358
"Lake Rotoehu at Site 3 (Integrated)",2023-05-16 19:02:00,7,7.4246,8.6635,86.415,0.94814,318.719054,10.6057,15.2169
"Lake Rotoehu at Site 3 (Integrated)",2023-05-16 19:02:00,8,6.5077,8.6962,86.718,0.44974,319.366159,10.4636,15.2042
"Lake Rotoehu at Site 3 (Integrated)",2023-05-16 19:02:00,9,5.9572,8.8209,87.945,0.19351,319.513614,10.4824,15.1955
"Lake Rotoehu at Site 3 (Integrated)",2023-05-16 19:02:00,10,5.5461,8.4614,84.343,0.062288,319.686815,10.2704,15.1856
"Lake Rotoehu at Site 3 (Integrated)",2023-05-16 19:02:00,11,5.6954,7.724,76.966,-8.549e-05,319.905494,10.3678,15.1696
"Lake Rotoehu at Site 3 (Integrated)",2023-06-20 18:52:00,1,7.6006,8.8298,81.451,165.28,289.182162,10.9694,11.6918
"Lake Rotoehu at Site 3 (Integrated)",2023-06-20 18:52:00,2,9.9866,9.4411,87.019,69.674,289.379821,10.529,11.6556
"Lake Rotoehu at Site 3 (Integrated)",2023-06-20 18:52:00,3,10.7273,9.7124,89.458,34.198,289.61745,10.5474,11.6252
"Lake Rotoehu at Site 3 (Integrated)",2023-06-20 18:52:00,4,11.365,9.7797,89.988,18.291,289.638341,10.5003,11.5821
"Lake Rotoehu at Site 3 (Integrated)",2023-06-20 18:52:00,5,10.5146,9.8426,90.457,9.0507,289.366449,10.6428,11.5287
"Lake Rotoehu at Site 3 (Integrated)",2023-06-20 18:52:00,6,10.0921,9.7698,89.685,4.9483,288.780798,10.4266,11.4789
"Lake Rotoehu at Site 3 (Integrated)",2023-06-20 18:52:00,7,9.3352,10.0348,92.071,2.6751,288.6187,10.5039,11.4565
"Lake Rotoehu at Site 3 (Integrated)",2023-06-20 18:52:00,8,9.2139,9.9467,91.242,1.4046,288.490568,10.3638,11.447
"Lake Rotoehu at Site 3 (Integrated)",2023-06-20 18:52:00,9,9.4219,9.7576,89.517,0.72048,288.34452,10.3934,11.4518
"Lake Rotoehu at Site 3 (Integrated)",2023-06-20 18:52:00,10,9.9307,9.4369,86.569,0.31423,288.39509,10.3798,11.449
"Lake Rotoehu at Site 3 (Integrated)",2023-07-20 18:50:00,1,4.4985,7.956,72.636,171.79,282.440498,10.3493,11.242
"Lake Rotoehu at Site 3 (Integrated)",2023-07-20 18:50:00,2,7.5879,8.02,73.016,86.608,282.046657,10.3411,11.1202
"Lake Rotoehu at Site 3 (Integrated)",2023-07-20 18:50:00,3,9.1038,8.2353,74.703,43.881,281.371755,10.4373,10.9633
"Lake Rotoehu at Site 3 (Integrated)",2023-07-20 18:50:00,4,9.4611,8.3826,75.792,22,280.039825,10.8208,10.8227
"Lake Rotoehu at Site 3 (Integrated)",2023-07-20 18:50:00,5,9.8063,8.4629,76.3,10.957,279.569545,10.7093,10.6996
"Lake Rotoehu at Site 3 (Integrated)",2023-07-20 18:50:00,6,9.3878,8.4822,76.375,5.6467,278.778238,10.3252,10.6438
"Lake Rotoehu at Site 3 (Integrated)",2023-07-20 18:50:00,7,8.8042,8.5003,76.548,3.0583,278.634931,10.4813,10.6494
"Lake Rotoehu at Site 3 (Integrated)",2023-07-20 18:50:00,8,8.2588,8.4563,76.2,1.5443,277.804547,10.6407,10.6764
"Lake Rotoehu at Site 3 (Integrated)",2023-07-20 18:50:00,9,8.1108,8.4251,75.788,0.82173,277.239908,10.2758,10.6029
"Lake Rotoehu at Site 3 (Integrated)",2023-07-20 18:50:00,10,8.8356,8.404,75.579,0.42617,277.062987,10.3266,10.5922
"Lake Rotoehu at Site 3 (Integrated)",2023-07-20 18:50:00,11,7.9809,8.3524,75.115,0.20127,277.085127,10.3636,10.5918
"Lake Rotoehu at Site 3 (Integrated)",2023-08-17 19:48:00,1,5.1193,7.7825,69.725,368.48,282.348898,10.5501,10.4287
"Lake Rotoehu at Site 3 (Integrated)",2023-08-17 19:48:00,2,5.7304,7.8144,69.791,170.1,282.154302,10.5069,10.2941
"Lake Rotoehu at Site 3 (Integrated)",2023-08-17 19:48:00,3,7.3099,7.7612,69.413,73.611,282.564302,10.5361,10.3541
"Lake Rotoehu at Site 3 (Integrated)",2023-08-17 19:48:00,4,8.1782,7.6114,67.986,33.789,282.323187,10.541,10.2993
"Lake Rotoehu at Site 3 (Integrated)",2023-08-17 19:48:00,5,8.4731,7.4568,66.626,16.261,281.682058,10.459,10.3124
"Lake Rotoehu at Site 3 (Integrated)",2023-08-17 19:48:00,6,8.015,7.5035,67.095,8.0038,281.953643,10.713,10.3454
"Lake Rotoehu at Site 3 (Integrated)",2023-08-17 19:48:00,7,7.644,7.6291,68.246,4.034,281.516833,10.5123,10.3633
"Lake Rotoehu at Site 3 (Integrated)",2023-08-17 19:48:00,8,7.908,7.6689,68.52,2.0565,281.576458,10.5046,10.3122
"Lake Rotoehu at Site 3 (Integrated)",2023-08-17 19:48:00,9,8.0778,7.6324,68.404,1.0215,281.793221,10.4947,10.4433
"Lake Rotoehu at Site 3 (Integrated)",2023-08-17 19:48:00,10,7.413,7.6275,68.234,0.50118,281.532377,10.5062,10.3641
"Lake Rotoehu at Site 3 (Integrated)",2023-08-17 19:48:00,11,8.3352,7.566,67.605,0.21388,281.432276,10.9624,10.3152
"Lake Rotoehu at Site 3 (Integrated)",2023-09-21 18:42:00,1,7.247,6.6871,65.144,158.4,313.817138,10.6377,14.1273
"Lake Rotoehu at Site 3 (Integrated)",2023-09-21 18:42:00,2,8.5816,6.8217,66.191,86.136,312.607925,10.5006,13.9469
"Lake Rotoehu at Site 3 (Integrated)",2023-09-21 18:42:00,3,10.5358,7.3476,70.908,45.05,309.794601,10.5489,13.702
"Lake Rotoehu at Site 3 (Integrated)",2023-09-21 18:42:00,4,11.6567,7.6011,72.855,24.303,307.084154,10.3795,13.392
"Lake Rotoehu at Site 3 (Integrated)",2023-09-21 18:42:00,5,11.3503,7.6364,72.929,13.341,306.042232,10.4066,13.228
"Lake Rotoehu at Site 3 (Integrated)",2023-09-21 18:42:00,6,11.2165,7.6179,72.629,6.8573,305.102678,10.4434,13.1522
"Lake Rotoehu at Site 3 (Integrated)",2023-09-21 18:42:00,7,10.073,7.5861,72.244,3.6744,305.169218,10.2561,13.1018
"Lake Rotoehu at Site 3 (Integrated)",2023-09-21 18:42:00,8,9.9298,7.4608,71.172,2.0581,305.928488,10.3403,13.1784
"Lake Rotoehu at Site 3 (Integrated)",2023-10-19 18:04:00,1,3.327,7.1761,75.217,207.85,349.872266,12.1116,17.569
"Lake Rotoehu at Site 3 (Integrated)",2023-10-19 18:04:00,2,4.5371,7.2373,75.487,120.76,345.830977,11.1439,17.3437
"Lake Rotoehu at Site 3 (Integrated)",2023-10-19 18:04:00,3,9.402,7.3279,75.322,76.777,333.741648,11.3102,16.6306
"Lake Rotoehu at Site 3 (Integrated)",2023-10-19 18:04:00,4,12.146,7.7843,79.895,49.907,336.756846,10.8609,16.5574
"Lake Rotoehu at Site 3 (Integrated)",2023-10-19 18:04:00,5,10.967,7.6403,78.007,32.346,330.307592,10.5225,16.3101
"Lake Rotoehu at Site 3 (Integrated)",2023-10-19 18:04:00,6,9.438,7.9641,80.163,20.759,325.520634,10.4348,15.641
"Lake Rotoehu at Site 3 (Integrated)",2023-10-19 18:04:00,7,7.4202,7.8749,78.336,13.235,320.47428,10.2556,15.0898
"Lake Rotoehu at Site 3 (Integrated)",2023-10-19 18:04:00,8,5.1879,7.8755,77.55,8.0648,317.329646,10.3016,14.6207
"Lake Rotoehu at Site 3 (Integrated)",2023-10-19 18:04:00,9,4.1457,7.6926,75.31,4.6193,316.410811,10.294,14.3531
"Lake Rotoehu at Site 3 (Integrated)",2023-10-19 18:04:00,10,3.7117,7.3127,71.451,2.6209,314.960491,10.4796,14.2635
"Lake Rotoehu at Site 3 (Integrated)",2023-10-19 18:04:00,11,3.4732,6.8996,67.238,1.3618,317.153861,10.8129,14.1438
"Lake Rotoehu at Site 3 (Integrated)",2023-11-23 18:16:00,1,7.5011,7.5278,81.905,96.987,355.740969,10.8613,19.4031
"Lake Rotoehu at Site 3 (Integrated)",2023-11-23 18:16:00,2,8.7339,7.9446,86.354,44.568,358.458618,10.6407,19.3528
"Lake Rotoehu at Site 3 (Integrated)",2023-11-23 18:16:00,3,12.1888,8.0758,86.957,22.28,355.570245,10.5823,18.8861
"Lake Rotoehu at Site 3 (Integrated)",2023-11-23 18:16:00,4,12.2613,8.0445,85.897,11.075,353.387498,10.5229,18.471
"Lake Rotoehu at Site 3 (Integrated)",2023-11-23 18:16:00,5,11.2486,7.8142,82.828,5.0843,350.238547,10.5961,18.1134
"Lake Rotoehu at Site 3 (Integrated)",2023-11-23 18:16:00,6,9.7875,7.5832,80.091,2.5921,349.947232,10.5021,17.937
"Lake Rotoehu at Site 3 (Integrated)",2023-11-23 18:16:00,7,8.3545,7.1189,75.208,1.3472,349.824584,10.2474,17.9505
"Lake Rotoehu at Site 3 (Integrated)",2023-11-23 18:16:00,8,8.4772,6.9627,73.473,0.73418,348.940047,10.3358,17.8941
"Lake Rotoehu at Site 3 (Integrated)",2023-11-23 18:16:00,9,9.1226,6.8901,72.499,0.34394,348.88598,10.516,17.7553
"Lake Rotoehu at Site 3 (Integrated)",2023-11-23 18:16:00,10,7.7764,6.7865,71.288,0.13031,348.473113,10.3157,17.6732
"Lake Rotoehu at Site 3 (Integrated)",2023-11-23 18:16:00,11,7.5525,6.6204,69.413,0.025566,348.390665,10.2587,17.5822
"Lake Rotoehu at Site 3 (Integrated)",2023-12-20 18:18:00,1,4.3432,7.3892,84.519,1281.5,391.044937,10.4159,21.9508
"Lake Rotoehu at Site 3 (Integrated)",2023-12-20 18:18:00,2,6.8519,7.7104,87.631,819.56,387.244417,10.5338,21.6208
"Lake Rotoehu at Site 3 (Integrated)",2023-12-20 18:18:00,3,6.5707,7.9022,89.002,559.43,382.790344,10.2222,21.1495
"Lake Rotoehu at Site 3 (Integrated)",2023-12-20 18:18:00,4,10.0277,8.0186,89.327,306.25,375.754137,10.3899,20.5881
"Lake Rotoehu at Site 3 (Integrated)",2023-12-20 18:18:00,5,8.7948,8.2658,90.556,161.82,370.202129,10.1499,19.7459
"Lake Rotoehu at Site 3 (Integrated)",2023-12-20 18:18:00,6,8.2503,7.9636,86.839,92.933,367.340279,9.9914,19.512
"Lake Rotoehu at Site 3 (Integrated)",2023-12-20 18:18:00,7,6.6853,7.4145,80.404,56.674,364.2917,9.8707,19.2324
"Lake Rotoehu at Site 3 (Integrated)",2023-12-20 18:18:00,8,6.2992,6.4693,69.822,37.892,363.249643,9.8497,19
"Lake Rotoehu at Site 3 (Integrated)",2023-12-20 18:18:00,9,5.4491,6.151,66.225,25.955,361.96392,9.7687,18.8794
"Lake Rotoehu at Site 3 (Integrated)",2023-12-20 18:18:00,10,4.7556,5.4979,59,17.475,360.650197,9.7508,18.7151
"Lake Rotoehu at Site 3 (Integrated)",2023-12-20 18:18:00,11,5.3312,4.7906,51.253,11.401,361.663884,10.1368,18.5716
"Lake Rotoehu at Site 3 (Integrated)",2024-01-16 18:15:00,0,5.1624,4.5307,53.506,1009.1,418.246179,11.0118,23.6332
"Lake Rotoehu at Site 3 (Integrated)",2024-01-16 18:15:00,1,7.4554,4.8188,57.192,518.69,420.119601,10.7718,23.8853
"Lake Rotoehu at Site 3 (Integrated)",2024-01-16 18:15:00,2,9.0597,5.4955,65.341,208.48,420.328155,10.558,23.9854
"Lake Rotoehu at Site 3 (Integrated)",2024-01-16 18:15:00,3,8.571,5.6428,67.075,99.714,419.319314,10.2636,23.9709
"Lake Rotoehu at Site 3 (Integrated)",2024-01-16 18:15:00,4,7.7224,5.824,69.165,48.759,416.443888,10.5197,23.9219
"Lake Rotoehu at Site 3 (Integrated)",2024-01-16 18:15:00,5,6.4288,5.9245,69.935,27.488,406.84165,10.5496,23.6038
"Lake Rotoehu at Site 3 (Integrated)",2024-01-16 18:15:00,6,4.7246,6.2177,71.491,13.467,393.344195,10.8682,22.2135
"Lake Rotoehu at Site 3 (Integrated)",2024-01-16 18:15:00,7,5.0922,6.0765,68.21,6.2719,379.19077,11.0349,20.9712
"Lake Rotoehu at Site 3 (Integrated)",2024-01-16 18:15:00,8,4.6351,3.8411,42.556,2.0846,380.05714,10.955,20.3553
"Lake Rotoehu at Site 3 (Integrated)",2024-01-16 18:15:00,9,3.3248,3.3078,35.982,1.0753,374.021261,10.3183,19.3406
"Lake Rotoehu at Site 3 (Integrated)",2024-01-16 18:15:00,10,2.3977,2.022,22.125,0.53713,378.315758,10.0056,19.664
"Lake Rotoehu at Site 3 (Integrated)",2024-02-22 18:04:00,1,2.4002,8.2327,95.991,233.67,413.459842,1.9244,22.9462
"Lake Rotoehu at Site 3 (Integrated)",2024-02-22 18:04:00,2,2.9379,8.2296,95.901,160.13,413.45992,1.9455,22.9168
"Lake Rotoehu at Site 3 (Integrated)",2024-02-22 18:04:00,3,2.8933,8.2487,96.044,105,413.183919,1.9032,22.873
"Lake Rotoehu at Site 3 (Integrated)",2024-02-22 18:04:00,4,2.7325,8.0261,93.431,38.383,413.194817,1.8871,22.8603
"Lake Rotoehu at Site 3 (Integrated)",2024-02-22 18:04:00,5,2.6852,8.1662,94.9,14.132,412.583407,1.8999,22.7696
"Lake Rotoehu at Site 3 (Integrated)",2024-02-22 18:04:00,6,1.9997,7.9388,91.798,6.6145,408.212661,1.7913,22.5118
"Lake Rotoehu at Site 3 (Integrated)",2024-02-22 18:04:00,7,1.7976,8.1834,93.962,2.6774,402.232282,1.6231,22.1415
"Lake Rotoehu at Site 3 (Integrated)",2024-02-22 18:04:00,8,1.2552,7.3858,84.288,1.0228,399.474316,1.4633,21.8251
"Lake Rotoehu at Site 3 (Integrated)",2024-02-22 18:04:00,9,1.0677,6.1472,69.904,0.46834,398.549397,1.3596,21.6423
"Lake Rotoehu at Site 3 (Integrated)",2024-02-22 18:04:00,10,1.0461,2.7671,31.284,0.3154,399.299223,1.1253,21.394
"Lake Rotoehu at Site 3 (Integrated)",2024-02-22 18:04:00,11,2.1532,1.9432,21.806,0.26744,396.892665,1.7253,21.0567
"Lake Rotoehu at Site 3 (Integrated)",2024-03-19 19:02:00,1,1.6608,8.9323,96.052,204.59,380.355727,2.2539,18.8173
"Lake Rotoehu at Site 3 (Integrated)",2024-03-19 19:02:00,2,1.7293,7.327,78.856,51.417,381.223493,2.3205,18.8561
"Lake Rotoehu at Site 3 (Integrated)",2024-03-19 19:02:00,3,1.7299,7.3318,78.932,19.511,382.438382,2.4021,18.8725
"Lake Rotoehu at Site 3 (Integrated)",2024-03-19 19:02:00,4,1.8014,7.5262,81.034,7.13,382.323312,2.5284,18.8778
"Lake Rotoehu at Site 3 (Integrated)",2024-03-19 19:02:00,5,1.8527,7.4795,80.527,2.6899,382.553912,2.5333,18.8751
"Lake Rotoehu at Site 3 (Integrated)",2024-03-19 19:02:00,6,2.0013,5.2936,56.794,2.7377,381.279142,2.1789,18.7201
"Lake Rotoehu at Site 3 (Integrated)",2024-03-19 19:02:00,7,1.9281,7.5134,80.878,1.0786,384.185208,2.3705,18.867
"Lake Rotoehu at Site 3 (Integrated)",2024-03-19 19:02:00,8,1.9054,7.3202,78.78,0.438,384.030661,2.4014,18.8546
"Lake Rotoehu at Site 3 (Integrated)",2024-03-19 19:02:00,9,1.8382,7.2285,77.747,0.1876,383.699011,2.4348,18.8256
"Lake Rotoehu at Site 3 (Integrated)",2024-03-19 19:02:00,10,2.8038,7.4432,80.044,0.13846,383.720131,3.8834,18.8178
"Lake Rotoehu at Site 3 (Integrated)",2024-03-19 19:02:00,11,-3.5318,5.5,59.129,0.1297,383.873491,6.0472,18.805
"Lake Rotoehu at Site 3 (Integrated)",2024-04-16 19:02:00,1,3.5485,7.3994,77.942,58.942,377.491958,2.2105,17.8031
"Lake Rotoehu at Site 3 (Integrated)",2024-04-16 19:02:00,2,3.638,8.2431,86.772,28.29,377.321412,2.1697,17.7703
"Lake Rotoehu at Site 3 (Integrated)",2024-04-16 19:02:00,3,3.8016,7.9197,83.359,10.587,377.527903,2.1372,17.7662
"Lake Rotoehu at Site 3 (Integrated)",2024-04-16 19:02:00,4,3.8147,7.9529,83.687,4.1623,377.544508,2.202,17.7531
"Lake Rotoehu at Site 3 (Integrated)",2024-04-16 19:02:00,5,3.812,7.956,83.625,1.7076,377.565087,2.2129,17.6983
"Lake Rotoehu at Site 3 (Integrated)",2024-04-16 19:02:00,6,4.2567,5.9221,62.226,1.3168,376.630312,2.3123,17.6828
"Lake Rotoehu at Site 3 (Integrated)",2024-04-16 19:02:00,7,3.9808,7.9339,83.215,0.2199,377.66368,2.3938,17.5952
"Lake Rotoehu at Site 3 (Integrated)",2024-04-16 19:02:00,8,4.0937,7.8067,81.828,0.12584,377.835092,2.2504,17.5632
"Lake Rotoehu at Site 3 (Integrated)",2024-04-16 19:02:00,9,3.9394,7.9496,83.241,0.12983,378.180037,2.3338,17.5145
"Lake Rotoehu at Site 3 (Integrated)",2024-04-16 19:02:00,10,2.8167,8.212,85.863,0.12976,377.784221,2.2133,17.4439
"Lake Rotoehu at Site 3 (Integrated)",2024-05-22 19:14:00,1,2.1159,9.7467,93.504,185.46,346.971983,2.2317,13.4243
"Lake Rotoehu at Site 3 (Integrated)",2024-05-22 19:14:00,2,2.3396,7.4132,71.225,78.816,346.516813,2.0674,13.4965
"Lake Rotoehu at Site 3 (Integrated)",2024-05-22 19:14:00,3,2.3856,7.7836,74.508,30.272,344.691876,2.0094,13.3332
"Lake Rotoehu at Site 3 (Integrated)",2024-05-22 19:14:00,4,2.1598,7.3596,70.307,11.102,343.206079,2.2163,13.2364
"Lake Rotoehu at Site 3 (Integrated)",2024-05-22 19:14:00,5,2.1425,8.8868,84.725,4.9418,342.628917,2.2173,13.1434
"Lake Rotoehu at Site 3 (Integrated)",2024-05-22 19:14:00,6,2.1802,8.5908,81.87,2.3053,342.847208,2.0902,13.1268
"Lake Rotoehu at Site 3 (Integrated)",2024-05-22 19:14:00,7,2.0052,8.9204,84.961,1.1258,342.102228,2.104,13.1008
"Lake Rotoehu at Site 3 (Integrated)",2024-05-22 19:14:00,8,2.1528,8.7533,83.35,0.57639,341.849539,2.0515,13.0903
"Lake Rotoehu at Site 3 (Integrated)",2024-05-22 19:14:00,9,2.2006,8.6916,82.754,0.30336,341.784231,2.0602,13.0853
"Lake Rotoehu at Site 3 (Integrated)",2024-05-22 19:14:00,10,2.2659,8.6154,82.026,0.17601,341.770814,2.1409,13.0836
"Lake Rotoehu at Site 3 (Integrated)",2024-06-17 18:25:00,1,5.7767,9.1831,85.849,209.61,334.429261,2.4645,12.2754
"Lake Rotoehu at Site 3 (Integrated)",2024-06-17 18:25:00,2,6.4182,9.92,92.572,67.702,332.880657,2.6325,12.1917
"Lake Rotoehu at Site 3 (Integrated)",2024-06-17 18:25:00,3,6.6571,9.8236,91.639,25.065,332.701648,2.7488,12.1764
"Lake Rotoehu at Site 3 (Integrated)",2024-06-17 18:25:00,4,6.5005,9.6103,89.455,9.5738,331.566583,3.1716,12.0813
"Lake Rotoehu at Site 3 (Integrated)",2024-06-17 18:25:00,5,7.0667,9.7063,90.26,3.5676,331.403147,2.8473,12.0376
"Lake Rotoehu at Site 3 (Integrated)",2024-06-17 18:25:00,6,7.1032,9.5384,88.673,1.5349,331.08398,2.8116,12.0246
"Lake Rotoehu at Site 3 (Integrated)",2024-06-17 18:25:00,7,6.992,9.56,88.854,0.67084,330.853312,2.696,12.015
"Lake Rotoehu at Site 3 (Integrated)",2024-06-17 18:25:00,8,7.2966,9.6067,89.276,0.28871,330.742707,2.7681,12.0089
"Lake Rotoehu at Site 3 (Integrated)",2024-06-17 18:25:00,9,7.8573,9.712,90.247,0.146,330.678711,2.8963,12.0051
"Lake Rotoehu at Site 3 (Integrated)",2024-06-17 18:25:00,10,11.8704,9.6787,89.987,0.13069,331.065888,6.2835,12.0295
"Lake Rotoehu at Site 3 (Integrated)",2024-07-16 18:41:00,1,4.0354,9.59,85.518,341.65,318.631556,2.7183,10.2455
"Lake Rotoehu at Site 3 (Integrated)",2024-07-16 18:41:00,2,5.3688,10.3231,91.437,82.666,314.955423,2.858,9.9363
"Lake Rotoehu at Site 3 (Integrated)",2024-07-16 18:41:00,3,5.8832,10.8002,95.331,27.12,314.33954,2.856,9.7885
"Lake Rotoehu at Site 3 (Integrated)",2024-07-16 18:41:00,4,5.6388,10.2586,90.472,9.1794,313.893344,2.9537,9.7516
"Lake Rotoehu at Site 3 (Integrated)",2024-07-16 18:41:00,5,5.9502,10.3032,90.823,3.2483,313.663264,2.9478,9.7318
"Lake Rotoehu at Site 3 (Integrated)",2024-07-16 18:41:00,6,6.2608,10.1159,89.166,1.2083,313.65486,2.8964,9.7293
"Lake Rotoehu at Site 3 (Integrated)",2024-07-16 18:41:00,7,6.3139,10.0806,88.84,0.47191,313.504451,2.9639,9.722
"Lake Rotoehu at Site 3 (Integrated)",2024-07-16 18:41:00,8,6.4088,10.0166,88.274,0.18812,313.495758,3.0024,9.7216
"Lake Rotoehu at Site 3 (Integrated)",2024-07-16 18:41:00,9,6.5845,9.8212,86.548,0.13055,313.655666,2.962,9.7193
"Lake Rotoehu at Site 3 (Integrated)",2024-07-16 18:41:00,10,13.6469,9.4857,83.601,0.12981,313.81644,5.8747,9.7242
"Lake Rotoehu at Site 3 (Integrated)",2024-08-20 18:11:00,1,1.8947,8.2659,75.071,269.58,321.243474,2.624,11.0055
"Lake Rotoehu at Site 3 (Integrated)",2024-08-20 18:11:00,2,3.32,9.5896,87.071,98.583,321.00632,2.685,10.9963
"Lake Rotoehu at Site 3 (Integrated)",2024-08-20 18:11:00,3,3.4803,9.4294,85.449,33.686,320.264556,2.8714,10.9119
"Lake Rotoehu at Site 3 (Integrated)",2024-08-20 18:11:00,4,3.6602,9.9432,89.825,13.853,319.602772,2.8187,10.779
"Lake Rotoehu at Site 3 (Integrated)",2024-08-20 18:11:00,5,3.6673,9.8801,89.155,5.2775,319.46789,2.6817,10.7296
"Lake Rotoehu at Site 3 (Integrated)",2024-08-20 18:11:00,6,3.4153,9.3836,84.657,2.0678,319.372842,2.7679,10.7211
"Lake Rotoehu at Site 3 (Integrated)",2024-08-20 18:11:00,7,3.62,9.4693,85.421,0.85775,319.298702,2.8013,10.7159
"Lake Rotoehu at Site 3 (Integrated)",2024-08-20 18:11:00,8,3.6039,9.2846,83.74,0.32247,319.292843,2.7511,10.7081
"Lake Rotoehu at Site 3 (Integrated)",2024-08-20 18:11:00,9,3.2135,9.2591,83.487,0.15805,318.941572,2.7404,10.6963
"Lake Rotoehu at Site 3 (Integrated)",2024-08-20 18:11:00,10,3.9691,9.2845,83.712,0.13337,318.977077,3.6443,10.6946
